	country_pair	edges	cross_edges	fraction_cross	nodes_country1	nodes_country2
0	AZ_PL	2498991	768	0.0003073240359809219	17862	229119
1	GR_NL	10069250	5198	0.0005162251408992725	95531	1458648
2	IE_SK	1862571	64	3.436110623433952e-05	399630	1637
3	FI_MC	441377	2	4.53127371838587e-06	67755	1557
4	DK_TR	15567890	5950	0.0003821969451222998	44510	3795051
5	AL_DK	213443	19	8.901673983218002e-05	303	44302
6	BA_SM	7221	0	0.0	3474	248
7	DE_NO	4053044	3814	0.0009410211189417139	576717	121414
8	ES_MD	29289222	33	1.1266943177937605e-06	4885209	974
9	AZ_HU	185908	140	0.0007530606536566474	17811	27220
10	AD_GR	673079	0	0.0	638	94926
11	AL_MC	2679	0	0.0	295	1557
12	SE_TR	17151831	10877	0.0006341596999177523	314415	3795251
13	CH_DK	464267	540	0.0011631238059134077	72369	44336
14	BY_SK	326027	30	9.201691884414481e-05	97964	1613
15	BG_GE	47452	98	0.002065244879035657	6778	1310
16	AM_DK	221053	24	0.00010857124761934921	2257	44305
17	IL_LI	428520	1	2.333613366937366e-06	39811	191
18	HU_SM	88205	0	0.0	27200	248
19	CH_LU	254837	250	0.00098101923974933	72318	2810
20	IE_ME	1897452	116	6.11346163170399e-05	399628	6997
21	LT_LV	309153	547	0.0017693504510711525	4516	80661
22	DE_RU	10259631	36094	0.0035180602499251677	578071	1383232
23	AT_CH	420353	10980	0.026120903145689458	36830	72956
24	IL_PL	2828652	364	0.000128683203165324	39850	229124
25	SK_TR	15351821	295	1.9215961415912808e-05	1657	3794857
26	NO_RO	548520	58	0.00010573907970538904	121259	8294
27	CY_EE	66987	1	1.4928269664263215e-05	10598	16982
28	MC_MD	4732	0	0.0	1557	973
29	AL_IT	5607671	610	0.0001087795628523856	419	926164
30	LU_UA	476845	51	0.00010695299311096898	2758	144670
31	AD_EE	39702	0	0.0	638	16982
32	FR_GR	23748141	14872	0.0006262384916781486	3153515	96624
33	AD_BA	8255	0	0.0	638	3474
34	IT_RS	6297002	9492	0.0015073839900320819	926805	90407
35	AZ_CZ	322395	38	0.00011786783293785573	17800	44541
36	ES_HU	29380523	5644	0.0001921000521331768	4885662	27939
37	BG_RO	69690	397	0.005696656622183958	6796	8350
38	BG_PL	2446391	449	0.00018353566539445248	6826	229145
39	IS_MD	37590	0	0.0	6783	973
40	CY_PT	3137220	256	8.160090781009938e-05	10687	460235
41	RU_SE	8586562	95400	0.01111038387657365	1383856	317243
42	IL_SI	532004	23	4.3232757648438734e-05	39814	9979
43	HR_IT	5675482	3699	0.0006517508116491252	9885	926480
44	SE_SK	1795012	60	3.342596038355175e-05	314111	1625
45	GB_LI	48836363	110	2.252419984674125e-06	8242245	196
46	GB_SK	48840228	1890	3.8697608045564405e-05	8242314	1800
47	HU_ME	125621	39	0.0003104576464126221	27212	6976
48	CY_LV	327451	26	7.940119285022797e-05	10603	80637
49	FI_NO	966504	2895	0.0029953316282188176	67905	121423
50	DE_SM	3524796	17	4.822974152262997e-06	576432	256
51	CH_LV	549631	187	0.00034022826223411705	72297	80641
52	HR_IE	1925902	1187	0.0006163345798488189	9408	399644
53	MT_PL	2401974	13	5.412215119730688e-06	1166	229103
54	HU_IL	516209	376	0.0007283871455166415	27211	39824
55	BA_MT	8525	3	0.00035190615835777126	3474	1160
56	RU_TR	22064710	16974	0.0007692827143434017	1382987	3795502
57	BG_ME	83160	73	0.0008778258778258778	6753	6972
58	HU_PL	2489432	995	0.0003996895677407537	27371	229244
59	GB_PL	51486574	250552	0.004866356032933945	8249734	235962
60	BE_GE	807646	209	0.00025877674129507237	191364	1336
61	AZ_MK	253773	27	0.00010639429726566656	17811	13846
62	FR_NL	32513934	60275	0.001853820580431762	3155871	1461645
63	HU_IE	1948435	699	0.00035874945789826195	27340	399674
64	PL_TR	17759814	10604	0.0005970783252572352	229620	3795397
65	AM_NL	9400277	203	2.1595108314361375e-05	2297	1458423
66	AM_RS	688586	36	5.2281051313851866e-05	2246	89687
67	CZ_IS	259872	3	1.1544144809752493e-05	44538	6783
68	AZ_PT	3207275	1066	0.00033236937898995254	18120	460379
69	ME_NO	562327	71	0.00012626105451098737	6984	121261
70	BA_IT	5615110	1290	0.00022973726249352194	3739	926249
71	CZ_EE	263053	19	7.222879039585178e-05	44540	16984
72	CH_NO	775678	462	0.000595607971348936	72358	121290
73	CZ_MT	226100	5	2.2114108801415304e-05	44540	1162
74	GE_HU	89923	74	0.0008229262813740644	1307	27226
75	LU_SI	108200	25	0.0002310536044362292	2750	9979
76	CZ_SE	2017191	421	0.0002087060670010921	44607	314137
77	FI_MK	594943	30	5.04249986973542e-05	67758	13837
78	IE_SI	1964146	262	0.00013339130594161534	399641	10012
79	BG_MD	47798	1	2.0921377463492197e-05	6731	973
80	CY_GR	705761	5398	0.00764848156812292	10759	95026
81	IL_ME	465441	8	1.7188000197662e-05	39812	6968
82	LU_SM	4251	1	0.0002352387673488591	2742	249
83	LT_SM	9927	0	0.0	4481	248
84	AL_AT	159091	21	0.00013199992457147168	306	35947
85	FR_UA	23540033	5837	0.00024796056997881017	3153172	145164
86	BE_SE	2601464	3695	0.0014203540775501794	191758	314253
87	ES_LV	29586892	1111	3.755041252727728e-05	4885286	80682
88	GR_RO	696088	460	0.0006608359862546115	95022	8393
89	CY_GB	48871318	7210	0.00014753029578617053	10883	8242335
90	BA_IE	1866900	148	7.927580481011302e-05	3515	399633
91	PT_UA	3581664	474	0.00013234072207778284	460239	144733
92	MK_SM	156183	0	0.0	13831	248
93	AM_MT	9373	5	0.000533447135388883	2245	1163
94	MC_MT	3946	0	0.0	1557	1160
95	GE_LU	5898	4	0.0006781959986436081	1287	2742
96	PL_SE	4199011	6375	0.001518214646258369	229330	314255
97	AD_LV	300141	0	0.0	638	80637
98	NL_TR	24795877	54892	0.002213755133565149	1459695	3796360
99	BY_MK	479212	8	1.66940727694632e-05	97964	13835
100	MT_SK	4277	0	0.0	1160	1612
101	BY_HR	388210	5	1.2879627006001906e-05	97965	9365
102	BE_FR	24144264	277247	0.011482934414567368	199001	3156357
103	LU_NL	9396931	674	7.172554528707298e-05	2893	1458479
104	GR_LV	970804	80	8.240592333776952e-05	94946	80640
105	AZ_CH	348410	82	0.00023535489796504117	17833	72301
106	AZ_ES	29388007	3342	0.00011371985858040663	18419	4885546
107	BG_LV	344406	17	4.936034796141763e-05	6737	80637
108	CH_SI	355239	549	0.0015454384231461072	72318	10011
109	DK_LI	213854	1	4.676087424130481e-06	44303	190
110	BG_CH	296506	459	0.0015480293822047447	6808	72348
111	AD_ME	38839	0	0.0	638	6964
112	LV_MD	301200	6	1.9920318725099602e-05	80637	973
113	ES_PL	31706764	19430	0.0006128029968621207	4886119	229995
114	MD_UA	475273	214	0.0004502675304509198	980	144676
115	BE_FI	1245971	1448	0.001162145828434209	191488	67799
116	IE_LI	1860422	0	0.0	399622	190
117	DK_GB	49083157	34405	0.0007009532822022838	45667	8243040
118	DK_NL	9609989	4592	0.0004778361348800711	44581	1458764
119	CZ_GE	226456	18	7.948563959444661e-05	44544	1292
120	GR_PL	3074127	1850	0.000601796867858745	95224	229231
121	AM_GR	680330	646	0.0009495391942145724	2393	95096
122	IT_MC	5617982	8738	0.0015553627619312414	926212	1796
123	CZ_FR	23296662	10644	0.0004568894891465567	45895	3153371
124	RS_TR	16032472	3011	0.0001878063470187255	89943	3795047
125	LI_RU	6699679	30	4.47782647496992e-06	191	1382447
126	AT_LT	168580	45	0.0002669355795468027	35953	4487
127	IS_NL	9427788	278	2.948729861129673e-05	6793	1458427
128	MC_NL	9395132	480	5.109028803427137e-05	1582	1458420
129	BA_EE	45462	1	2.1996392591614976e-05	3475	16982
130	AL_CH	250835	36	0.0001435206410588634	309	72282
131	FR_GE	23064531	1235	5.354542002176415e-05	3152912	1476
132	MC_RO	26234	6	0.00022871083326980255	1560	8276
133	CZ_TR	15575101	1757	0.00011280825723056306	44742	3794977
134	AT_RS	844222	4703	0.0055708095737850944	36214	89834
135	HR_PT	3173854	452	0.00014241360818739615	9493	460271
136	FI_LI	439625	4	9.09866363377879e-06	67755	190
137	HR_NO	590001	366	0.0006203379316306243	9385	121261
138	FI_HU	527251	316	0.0005993350415646438	67772	27247
139	ES_UA	29761681	2035	6.837651408198347e-05	4885424	144880
140	LI_NO	525343	1	1.90351827282366e-06	190	121257
141	CZ_SK	229168	1826	0.007967953640996998	44624	1742
142	BA_RS	716150	28446	0.03972072889757732	4505	90093
143	BA_CY	35550	11	0.00030942334739803094	3480	10602
144	CH_RU	6952377	2854	0.0004105070826855333	72546	1382601
145	DK_FR	23280538	5924	0.00025446147335598515	44621	3153137
146	FI_IS	474250	17	3.584607274644175e-05	67756	6783
147	AD_MK	157217	0	0.0	638	13831
148	DK_ME	250793	26	0.00010367115509603537	44303	6973
149	IS_RU	6734271	10	1.4849417256893879e-06	6785	1382445
150	AD_CZ	225829	1	4.428129248236498e-06	638	44537
151	BE_LI	806263	7	8.682030553305807e-06	191350	190
152	LI_LU	4713	0	0.0	190	2742
153	NO_TR	15876694	3265	0.00020564734698546184	121407	3795000
154	ES_SM	29287177	75	2.560847704782199e-06	4885216	267
155	LI_MK	156646	0	0.0	190	13831
156	ES_TR	44727722	92070	0.0020584549331620332	4892874	3803434
157	CH_FI	690097	602	0.0008723411346520852	72366	67773
158	FR_TR	38494091	83889	0.002179269540356207	3156255	3799104
159	AD_AZ	99025	0	0.0	638	17798
160	MT_NL	9393833	97	1.0325923401022777e-05	1179	1458426
161	DK_GR	885415	408	0.000460800867389868	44338	95022
162	IE_PT	4972021	3844	0.0007731262599252899	399902	460750
163	CZ_IT	5834224	2831	0.00048524019646828783	44926	926374
164	ME_SK	40356	3	7.43383883437407e-05	6965	1613
165	PT_RU	9810998	3594	0.0003663235890986829	460651	1382641
166	AT_RO	183294	675	0.003682608268683099	36114	8421
167	BA_SE	1799433	236	0.0001311524241247104	3509	314124
168	RS_SI	787234	2398	0.0030461082727626094	89706	10001
169	BY_IT	5930831	783	0.00013202197128867776	98010	926172
170	AT_IS	194120	9	4.6363074386977125e-05	35944	6784
171	IL_NO	952554	47	4.934103473398883e-05	39818	121257
172	ES_GR	29996887	38168	0.0012723986992383576	4888853	99587
173	FR_SE	24868113	14485	0.0005824728237321424	3153544	314541
174	IL_NL	9821976	1913	0.0001947673258415618	39884	1458436
175	AL_UA	473011	5	1.0570578696901341e-05	298	144665
176	CH_LT	260301	37	0.00014214313429452825	72287	4486
177	LT_PL	2410446	287	0.00011906510247481172	4534	229147
178	EE_MT	39969	0	0.0	16982	1160
179	MK_PL	2556769	354	0.00013845599661134816	13870	229123
180	GE_IE	1861692	89	4.780597435021475e-05	1319	399626
181	AM_NO	532543	25	4.69445659787097e-05	2253	121260
182	MK_RU	6855074	133	1.9401686983977124e-05	13867	1382457
183	AL_CZ	224829	1	4.447824791285822e-06	296	44538
184	BA_TR	15356935	1164	7.579637473232777e-05	3624	3794892
185	HU_MK	244026	66	0.00027046298345258295	27219	13857
186	BA_SI	111231	85	0.0007641754546843956	3485	9982
187	IT_NO	6135193	3715	0.0006055229232397416	926442	121382
188	LI_UA	473435	0	0.0	190	144661
189	BY_FR	23385476	803	3.4337552077195266e-05	98023	3152847
190	AM_FR	23070101	810	3.511037944740684e-05	2413	3152849
191	BY_NO	847989	89	0.00010495419162276869	97973	121260
192	AD_NO	525913	0	0.0	638	121257
193	IT_MD	5609174	60	1.0696762125760406e-05	926116	975
194	AM_MK	163830	8	4.883110541414881e-05	2247	13837
195	GE_SE	1794124	76	4.2360505739848526e-05	1312	314113
196	GE_LV	300756	5	1.6624772240620302e-05	1286	80637
197	AT_MD	161125	2	1.2412723041117144e-05	35941	973
198	GB_HU	48943600	20033	0.0004093078563898038	8242951	29051
199	AT_NO	683935	448	0.0006550330075226447	36020	121276
200	RU_SM	6699193	7	1.0449019755066022e-06	1382447	252
201	BY_DK	536503	92	0.0001714808677677478	97979	44330
202	CY_DE	3553308	211	5.938128639566286e-05	10638	576452
203	AL_AM	8103	2	0.0002468221646303838	297	2245
204	MD_ME	39892	0	0.0	973	6964
205	AL_RS	680959	14	2.0559240717869944e-05	300	89678
206	FI_SK	441722	16	3.622187710822644e-05	67757	1615
207	RU_UA	7377301	205571	0.02786533991225246	1385716	148203
208	LI_TR	15350016	575	3.7459244342155736e-05	213	3794867
209	GR_SM	672049	4	5.9519469562487255e-06	94926	248
210	GE_SK	4623	3	0.0006489292667099286	1285	1614
211	CH_PT	3366167	7184	0.0021341781319821626	72812	460549
212	BY_UA	808597	12604	0.015587492904376346	98855	145097
213	CZ_IE	2084989	664	0.000318466907978891	44660	399689
214	DK_HU	301360	193	0.0006404300504380143	44318	27239
215	BE_SI	910470	752	0.000825947038342834	191449	10040
216	GB_LT	48848597	3308	6.771944750020149e-05	8242371	4762
217	AD_IL	429090	0	0.0	638	39811
218	GE_PT	3110880	590	0.00018965694594455588	1432	460286
219	EE_NL	9431010	335	3.5521115978034164e-05	17004	1458454
220	LU_RS	684952	219	0.00031973043366542475	2767	89685
221	AZ_SM	97991	0	0.0	17798	248
222	LI_LT	10390	0	0.0	190	4481
223	LI_ME	38268	0	0.0	190	6964
224	AT_EE	197318	42	0.00021285437719822825	35948	16985
225	ES_IT	35087690	193989	0.005528691116457082	4896506	938560
226	IE_MK	2015818	104	5.159195919472889e-05	399628	13858
227	AZ_DK	311027	74	0.000237921466625084	17835	44307
228	GB_IT	54687409	245020	0.004480373169626669	8248208	939124
229	SE_SM	1792404	0	0.0	314108	248
230	GR_LI	672524	16	2.3790972515479003e-05	94933	192
231	BE_UA	1283721	5384	0.004194057743076572	191773	144833
232	FR_SM	23061769	117	5.07333153844356e-06	3152818	284
233	EE_RU	6743110	5684	0.0008429344916514784	17135	1382513
234	GB_LV	49143009	8540	0.00017377853277156878	8242506	80914
235	FI_MT	440466	7	1.589225956146445e-05	67755	1162
236	IL_SK	430610	6	1.393372192935603e-05	39813	1615
237	AT_CZ	384165	763	0.001986125753257064	36080	44717
238	AZ_GR	770383	775	0.0010059931229012063	18020	95128
239	BG_LU	49552	20	0.0004036164029706167	6736	2750
240	MD_RO	26204	106	0.004045183941382995	973	8276
241	BE_IS	841065	197	0.0002342268433474226	191355	6787
242	GR_LT	681614	70	0.00010269742112104505	94949	4486
243	FI_FR	23505209	4827	0.00020535873558920494	67917	3153064
244	EE_MD	40756	1	2.4536264599077437e-05	16982	973
245	AM_CH	258556	152	0.0005878803818128375	2295	72291
246	BY_CY	351790	23	6.537991415333011e-05	97968	10603
247	RO_RS	705618	1124	0.0015929298855754813	8361	89723
248	HR_IS	100261	2	1.9947935887334058e-05	9363	6784
249	BG_EE	83958	8	9.528573810714881e-05	6733	16982
250	AT_FR	23253910	33650	0.0014470684714957614	39190	3155153
251	HU_IT	5702293	7489	0.0013133313212772477	28400	926706
252	IS_MT	36804	0	0.0	6783	1160
253	AL_IL	428099	9	2.1023174546074624e-05	300	39814
254	AZ_LI	98456	2	2.0313642642398633e-05	17799	190
255	LI_RS	681374	0	0.0	190	89674
256	IS_ME	72881	1	1.3720997242079555e-05	6784	6964
257	AL_LI	925	0	0.0	295	190
258	GR_UA	1144941	352	0.0003074394226427388	94977	144703
259	AL_PL	2400792	98	4.081986277861639e-05	319	229109
260	HR_RU	6764203	261	3.858547710646768e-05	9414	1382474
261	BY_LU	327278	7	2.1388544295675235e-05	97964	2743
262	CH_MK	407306	786	0.0019297530603526586	72327	13873
263	AT_SK	161855	271	0.0016743381421642828	35973	1656
264	BE_RS	1487420	1144	0.0007691169945274368	191490	89813
265	AZ_NO	622534	92	0.00014778309297162887	17820	121259
266	MD_SI	106440	0	0.0	973	9973
267	DK_UA	686323	389	0.0005667885237708775	44330	144681
268	BE_HR	871098	549	0.0006302390775779534	191454	9457
269	CY_RU	6727987	483	7.178967498004976e-05	10631	1382448
270	BY_SM	323455	6	1.854972098128024e-05	97969	249
271	AT_TR	15527519	19933	0.0012837208571440163	37084	3795347
272	BY_GB	49161556	2745	5.583631242265806e-05	98194	8242421
273	IL_LV	726751	16	2.2015793579919394e-05	39818	80637
274	DE_ES	32881041	69588	0.002116356352586282	580095	4888797
275	SE_SI	1896635	306	0.00016133837032428485	314113	9994
276	DK_IT	5822652	2663	0.0004573517359443772	44457	926409
277	AD_UA	474006	0	0.0	638	144661
278	PL_RS	3082156	1013	0.0003286660376697351	229153	89765
279	IL_RS	1108658	119	0.00010733697858131183	39818	89690
280	LV_RS	979645	55	5.61427864175288e-05	80639	89681
281	DE_NL	13028129	111343	0.008546353816422912	582004	1465303
282	AZ_SK	100544	5	4.9729471674092936e-05	17802	1613
283	NO_SM	524880	1	1.9051973784484072e-06	121257	248
284	PT_SK	3111310	116	3.728333081563714e-05	460199	1651
285	BA_NL	9399727	499	5.3086648154781514e-05	3564	1458446
286	IT_MK	5764922	2140	0.0003712105731872868	926261	14114
287	AZ_FI	536750	29	5.402887750349325e-05	17813	67760
288	AL_FR	23062014	328	1.4222521935855211e-05	372	3152835
289	BA_LU	11098	55	0.004955847900522617	3479	2749
290	GR_HU	760293	471	0.000619498009320091	95044	27297
291	EE_IT	5645564	297	5.2607675690152484e-05	17002	926139
292	BE_ES	30118906	26439	0.0008778207282827603	193207	4886617
293	AM_SM	8068	1	0.00012394645513138323	2243	248
294	BE_DE	4439397	109253	0.024609873818448768	198036	581113
295	BG_BY	368865	134	0.00036327653748661435	6740	97969
296	ME_RU	6736976	413	6.130346909355177e-05	6991	1382462
297	CY_FR	23090387	417	1.8059463446844785e-05	10681	3152836
298	RO_SK	26591	32	0.0012034146891805497	8286	1627
299	IT_PT	8751923	36678	0.004190850399392225	930562	465054
300	LI_PT	3109133	24	7.719193743078858e-06	195	460183
301	AM_PT	3116993	708	0.0002271419922983465	2423	460317
302	BA_DE	3532349	777	0.00021996693984654403	3616	576542
303	GE_GR	673877	188	0.00027898266300823446	1355	94964
304	AM_BE	813519	87	0.00010694280035254247	2270	191359
305	DE_LV	3824945	1487	0.0003887637600017778	576556	80755
306	AD_SM	1462	0	0.0	638	248
307	CY_ES	29316400	980	3.3428388205918873e-05	10755	4885294
308	CZ_ES	29514421	2953	0.0001000527843659884	44965	4885456
309	AL_RO	24056	11	0.0004572663784502827	302	8279
310	AL_DE	3524921	108	3.0638984533270394e-05	335	576447
311	AM_LV	306749	3	9.77998298282961e-06	2243	80637
312	LU_RU	6703165	157	2.342177165562835e-05	2767	1382449
313	CZ_NL	9618669	1868	0.00019420566400611144	44801	1458642
314	MK_UA	628747	20	3.18092969032059e-05	13840	144667
315	CY_IT	5635735	390	6.920126656061721e-05	10686	926151
316	TR_UA	15824226	2704	0.00017087723595454212	3794936	144830
317	AT_ES	29453342	7632	0.0002591216983118588	36937	4885807
318	BE_SK	808581	240	0.0002968162744363273	191374	1673
319	EE_LU	42499	9	0.00021176968869855763	16983	2742
320	BA_BE	812731	145	0.00017841081489447308	3531	191377
321	DK_RS	894465	592	0.0006618481438625324	44328	89711
322	FR_LU	23075074	9600	0.000416033335364385	3153010	3322
323	MT_SE	1793723	18	1.0034994254965789e-05	1163	314111
324	AT_LV	457819	104	0.00022716401023111754	35955	80639
325	AM_SE	1800109	66	3.6664446430743914e-05	2254	314115
326	IE_LV	2159169	531	0.00024592794727971735	399670	80658
327	CH_EE	289054	49	0.00016951849827367898	72287	16990
328	DK_MK	369469	324	0.0008769341947497625	44302	13839
329	AM_DE	3532731	313	8.860000945444191e-05	2316	576477
330	AZ_SI	201926	10	4.9523092618087814e-05	17803	9979
331	GR_ME	709541	119	0.00016771405739766977	94956	7012
332	LU_TR	15352997	197	1.2831370969459578e-05	2795	3794864
333	AL_BY	323483	0	0.0	295	97964
334	CZ_UA	699843	2505	0.003579374231077542	44788	144758
335	IT_SK	5609965	390	6.951915029772913e-05	926154	1707
336	MK_SE	1948413	254	0.00013036250527993808	13851	314114
337	BY_IE	2183253	273	0.0001250427687492013	97985	399652
338	FI_IE	2300428	1739	0.0007559462847783108	67801	399751
339	DE_ME	3562629	473	0.00013276712225718704	576565	7035
340	CY_IL	456421	47	0.00010297510412535795	10614	39822
341	GE_PL	2402474	170	7.076039116344236e-05	1316	229111
342	CY_DK	241733	25	0.00010341988888567139	10605	44303
343	BG_MK	201895	430	0.00212981995591768	6767	13851
344	HU_SI	192581	451	0.0023418717318946314	27222	9992
345	LI_SK	3439	0	0.0	190	1612
346	NL_SK	9395256	273	2.9057217812904726e-05	1458434	1659
347	FI_RS	1119956	315	0.000281261049541232	67765	89706
348	LU_RO	27862	29	0.0010408441605053477	2752	8285
349	GR_IS	707132	12	1.696995751853968e-05	94930	6784
350	BE_PL	3214375	8350	0.0025977056192883533	192190	229874
351	AL_BG	45767	23	0.0005025455022177552	312	6744
352	IL_TR	15777965	1359	8.613278074834112e-05	40026	3794987
353	CY_MD	30834	1	3.243173120581177e-05	10599	973
354	IS_LI	35966	0	0.0	6783	190
355	AL_LV	299145	4	1.3371441942870515e-05	297	80637
356	CY_LU	32575	7	0.00021488871834228704	10600	2742
357	GB_UA	49325687	17353	0.00035180452732467773	8243059	145441
358	IS_SK	38053	2	5.255827398628229e-05	6784	1613
359	MD_RS	682998	0	0.0	973	89674
360	MC_UA	475199	10	2.1043815327894207e-05	1558	144663
361	IS_SM	35503	0	0.0	6783	248
362	MD_TR	15351083	18	1.1725557082845555e-06	974	3794829
363	CY_CZ	253127	15	5.925879104165103e-05	10600	44541
364	CH_GE	252518	109	0.0004316523970568435	72307	1325
365	DE_IS	3560406	552	0.0001550384984184388	576454	6793
366	DE_LI	3526002	760	0.00021554156804221892	576526	206
367	HR_SE	1857831	671	0.0003611738634999631	9402	314122
368	BA_BG	52540	37	0.0007042253521126761	3491	6754
369	AZ_BY	421152	140	0.0003324215485145506	17804	97982
370	BG_DK	258856	184	0.0007108199153197145	6769	44316
371	BE_LT	815457	165	0.00020234052807198907	191379	4496
372	EE_FI	478896	1498	0.0031280277972670478	17036	67816
373	PT_SI	3212832	261	8.123674066991365e-05	460208	10038
374	GB_SE	50719188	91422	0.0018025130843971713	8244043	316145
375	DK_MC	215614	7	3.24654243230959e-05	44303	1561
376	MK_NL	9549240	1050	0.00010995639443557811	13910	1458443
377	MK_RS	839006	2340	0.002789014619680908	13859	89727
378	LU_PT	3113472	1004	0.00032246957737214275	2827	460219
379	AZ_RS	778603	129	0.000165681354939552	17823	89688
380	MK_SI	260523	415	0.0015929495668328708	13832	9975
381	IE_MC	1862206	30	1.6109925539924155e-05	399625	1571
382	FR_NO	23591335	5232	0.00022177634288182504	3153083	121450
383	HR_LU	69064	58	0.0008398007645082821	9369	2752
384	FI_GE	440823	21	4.763816769996121e-05	67756	1292
385	BY_IL	751217	140	0.00018636425959476423	97970	39821
386	AT_BG	204972	654	0.003190679702593525	36008	6819
387	IT_ME	5646532	2128	0.0003768684920230683	926240	7170
388	LT_RU	6724708	16023	0.002382705687741386	5496	1382767
389	ES_IE	31176938	30305	0.000972032596658466	4886485	400827
390	GE_RU	6701806	976	0.000145632386255287	1349	1382491
391	DK_SI	317392	77	0.00024260220799516056	44306	9986
392	FI_GB	49299860	25340	0.0005139974028323813	68390	8242864
393	AL_SK	3013	3	0.0009956853634251576	297	1615
394	GB_GR	49548705	41298	0.0008334829336104748	8242961	98239
395	FR_MD	23063758	19	8.238033021331563e-07	3152805	976
396	LU_PL	2404683	201	8.358690105930803e-05	2795	229137
397	SI_TR	15453251	348	2.2519533268436525e-05	10034	3794872
398	IE_TR	17212894	4385	0.00025475088616707916	399896	3795415
399	BE_MK	961850	302	0.000313978271040183	191381	13889
400	PT_RS	3790188	1059	0.00027940566536541195	460369	89863
401	MT_PT	3110177	230	7.395077514880985e-05	1224	460212
402	GR_MT	674035	689	0.001022202111166334	94952	1197
403	MK_MT	157487	3	1.904919136182669e-05	13833	1161
404	NO_PL	2930790	5679	0.0019377028036809188	121310	229205
405	GR_SK	674656	63	9.338092301854575e-05	94939	1631
406	IL_IT	6037192	2537	0.000420228477080073	39987	926308
407	GR_SE	2465771	1750	0.0007097171635159956	95103	314169
408	CH_LI	255312	4084	0.015996114557874287	72351	229
409	FI_PT	3548208	832	0.00023448456234809233	67779	460299
410	AZ_BE	904006	650	0.0007190217764041389	17862	191365
411	MT_RS	682310	98	0.00014362972842256453	1164	89676
412	LT_RS	690589	179	0.0002591990315513279	4490	89677
413	EE_ME	76047	2	2.629952529356845e-05	16982	6965
414	BG_SK	48264	6	0.00012431626056688214	6734	1614
415	SM_TR	15349010	32	2.08482501477294e-06	254	3794830
416	NO_SE	2339637	22782	0.009737407982520365	122130	314687
417	MC_MK	158403	3	1.893903524554459e-05	1557	13831
418	LV_PT	3407538	213	6.250847386001272e-05	80646	460208
419	MC_SE	1794649	28	1.56019366461074e-05	1568	314111
420	NL_RU	16103232	12039	0.0007476138951485018	1459199	1382835
421	FR_GB	72423238	526224	0.007265955162071047	3171149	8256416
422	BY_NL	9715939	483	4.971212766980114e-05	98012	1458479
423	MD_NO	526969	3	5.692934498993299e-06	973	121257
424	IS_IT	5642300	198	3.5092072381830105e-05	6787	926129
425	LI_RO	24476	2	8.171269815329302e-05	190	8275
426	AD_ES	29292189	4053	0.0001383645312407345	770	4885258
427	CY_LI	29209	0	0.0	10598	190
428	BG_IL	473367	29	6.126324817741837e-05	6740	39819
429	GR_RS	1353600	1072	0.0007919621749408984	95039	89770
430	AD_BE	806969	142	0.0001759671065431262	638	191346
431	GB_NL	59114678	886881	0.015002720644101283	8271765	1495114
432	EE_GB	48876684	2654	5.4299919364415146e-05	17110	8242318
433	AZ_IS	133066	0	0.0	17798	6783
434	PL_PT	5512975	4097	0.0007431559185376317	229398	460691
435	AM_IS	43142	0	0.0	2243	6783
436	AM_ME	45445	1	2.2004620970403785e-05	2243	6964
437	MC_RS	683187	59	8.635995708349251e-05	1568	89684
438	BE_IL	1233735	314	0.0002545117063226706	191380	39848
439	RO_SM	24013	2	8.328821888143922e-05	8273	250
440	NL_SE	11193656	9245	0.0008259142500001786	1459125	314464
441	HR_ME	102864	303	0.0029456369575361642	9382	6981
442	IT_LI	5609025	1535	0.00027366610061463445	926212	216
443	BE_GB	49821458	180303	0.0036189828085721617	204649	8249833
444	AT_DE	3782834	99447	0.02628902034823627	39934	578704
445	PL_SM	2400666	6	2.499306442462217e-06	229102	253
446	BY_MD	325632	96	0.00029481132075471697	97979	981
447	AL_PT	3108827	147	4.7284715424821e-05	362	460202
448	NO_SK	527463	36	6.825123278789223e-05	121257	1626
449	HU_IS	123504	224	0.0018137064386578572	27203	6785
450	FI_LT	448749	92	0.00020501438443316865	67764	4499
451	BA_FR	23069721	1276	5.5310595216994606e-05	3697	3152916
452	AZ_LT	107597	107	0.0009944515181650045	17803	4491
453	NL_SM	9392444	9	9.582170519196068e-07	1458414	252
454	HR_UA	537769	41	7.624091384962689e-05	9377	144668
455	CH_HU	343244	4702	0.013698709955600097	72651	27901
456	BE_IE	2671767	6443	0.002411512680559345	192121	400090
457	BE_MT	807147	53	6.566337978088254e-05	191353	1170
458	LT_SE	1802184	281	0.0001559219258410906	4555	314159
459	HU_RU	6789540	2577	0.00037955443225903373	27379	1382553
460	BY_CZ	548655	840	0.001531016759165596	97994	44598
461	CY_SK	31300	6	0.00019169329073482429	10600	1617
462	LT_NL	9402426	492	5.2326920733010823e-05	4537	1458469
463	FR_IL	23498203	8923	0.0003797311649746153	3152937	40048
464	MC_PL	2402938	61	2.5385590472995973e-05	1568	229106
465	AL_SM	462	0	0.0	295	248
466	ES_NL	38724625	45516	0.0011753761334034867	4887753	1460307
467	AL_IE	1860021	28	1.5053593480933817e-05	311	399624
468	CH_DE	3832254	57138	0.014909763288132781	74573	578325
469	BG_FR	23109433	2499	0.00010813765963016055	7223	3153115
470	DE_FI	3967818	4309	0.001085987310909926	576703	67910
471	IT_SE	7405796	6793	0.0009172545395525342	926714	314344
472	BY_SE	2116067	642	0.0003033930400124382	98018	314270
473	GB_IE	51945711	1250390	0.024071092221646558	8263547	439408
474	EE_PL	2439724	824	0.0003377431217629535	16993	229125
475	BA_PT	3115657	218	6.99691910887495e-05	3555	460226
476	BG_HU	133637	150	0.0011224436346221481	6783	27238
477	AM_LI	8556	26	0.0030388031790556337	2253	193
478	GR_HR	736996	195	0.00026458759613349326	94973	9433
479	AD_PT	3109707	27	8.682490022371883e-06	646	460178
480	NO_PT	3634356	1259	0.0003464162564151668	121308	460351
481	AZ_MD	100078	0	0.0	17798	973
482	DK_IL	641097	79	0.00012322628245023764	44310	39824
483	RS_SM	680913	2	2.937232803603397e-06	89674	248
484	DE_IL	3955442	3035	0.0007672973083665492	576490	39878
485	MD_NL	9394531	9	9.580041834978244e-07	973	1458417
486	AD_RO	25045	0	0.0	638	8273
487	AL_NL	9392611	142	1.5118266901503746e-05	335	1458420
488	PL_RU	9119127	19709	0.002161281447226253	230241	1382923
489	DK_SK	215959	21	9.724067994387823e-05	44304	1617
490	CH_SE	2044242	1501	0.0007342574900623312	72456	314179
491	SI_SM	104354	1	9.582766352990782e-06	9973	248
492	EE_LV	337768	421	0.0012464176594585634	17016	80654
493	BG_DE	3571915	1854	0.000519049305484593	6993	576572
494	LV_SK	301661	6	1.988987638441827e-05	80637	1613
495	BE_NO	1331335	1091	0.0008194781929416713	191530	121311
496	CZ_SI	328824	105	0.00031931975768192104	44580	10000
497	BA_CZ	231665	78	0.0003366930697343146	3480	44541
498	IL_MD	430144	1	2.3248028567177503e-06	39811	973
499	AM_IL	435704	9	2.0656225327286415e-05	2250	39813
500	DE_HU	3617793	5237	0.00144756761926401	577002	27977
501	CY_HU	116562	39	0.00033458588562310185	10608	27206
502	AD_BY	324483	0	0.0	638	97964
503	EE_HU	126458	13	0.00010280092995302788	16982	27205
504	AT_AZ	256727	128	0.0004985840990624282	35968	17836
505	CY_MK	184515	14	7.58745901417229e-05	10600	13834
506	GR_SI	776199	229	0.0002950274349747938	94938	9985
507	GR_PT	3793504	13241	0.0034904405003922494	97644	462464
508	AD_FR	23063243	557	2.41509834501592e-05	646	3152816
509	HU_NL	9483206	2994	0.000315716014183389	27643	1458605
510	HU_MD	90297	5	5.5372825232289e-05	27200	973
511	AL_ES	29287623	487	1.6628184540616357e-05	400	4885252
512	LT_RO	33526	16	0.00047724154387639444	4483	8278
513	LT_MC	12145	1	8.233841086867023e-05	4481	1558
514	AD_SI	105387	0	0.0	638	9973
515	BY_CH	573931	145	0.0002526436104688543	97982	72298
516	CY_RS	709427	198	0.000279098483705864	10606	89676
517	BE_PT	3919279	5268	0.001344124773969906	191955	460866
518	AL_NO	524936	23	4.381486505021565e-05	305	121257
519	ES_SI	29392562	1535	5.2224096694939355e-05	4885294	10125
520	NO_UA	997709	286	0.0002866567305697353	121277	144683
521	CH_CZ	475855	724	0.0015214718769373022	72378	44673
522	NO_RU	7225527	1890	0.0002615726160873802	121323	1382528
523	AD_MD	3549	0	0.0	638	973
524	CY_RO	52354	25	0.00047751843221148336	10604	8280
525	IS_MK	191258	0	0.0	6783	13831
526	CY_IS	63821	0	0.0	10598	6783
527	AM_BG	53369	20	0.00037474938634787986	2248	6739
528	RO_TR	15375141	2580	0.00016780333916937738	8603	3795015
529	AT_MC	161266	13	8.061215631317202e-05	35946	1562
530	CH_NL	9650117	7345	0.0007611306681566659	73031	1458854
531	AT_LI	160990	1491	0.009261444810236661	35984	206
532	RS_UA	1153676	221	0.00019156158228133375	89706	144691
533	AM_RU	6707811	986	0.00014699281181297446	2311	1382469
534	EE_IS	73743	0	0.0	16982	6783
535	DK_MD	215479	2	9.281646935432223e-06	44302	973
536	EE_NO	563204	85	0.0001509222235637531	16988	121265
537	AD_CH	251809	10	3.971263934172329e-05	641	72276
538	ME_RS	735828	17540	0.023837092363976364	7149	89887
539	DE_FR	26777108	191105	0.007136879755647996	588078	3160746
540	AD_SK	4010	0	0.0	638	1612
541	SI_SK	106917	16	0.00014964879298895404	9974	1622
542	AD_LU	5285	1	0.0001892147587511826	638	2743
543	FR_IT	28886397	218146	0.00755185909824614	3166071	937090
544	AM_CY	36391	6	0.00016487593086202633	2245	10600
545	DK_MT	214707	16	7.452016003204367e-05	44304	1164
546	AZ_NL	9490596	598	6.300974143246641e-05	17925	1458440
547	CZ_LT	234332	39	0.00016643053445538809	44541	4490
548	DE_DK	3743249	5508	0.0014714490005874575	576782	44601
549	IL_MK	583830	19	3.254371991846942e-05	39814	13835
550	GB_RO	48868591	9218	0.00018862831547568047	8242756	9352
551	AZ_TR	15482834	36293	0.00234407990165108	20141	3795878
552	GB_IS	48873892	3027	6.193490790543138e-05	8242283	6844
553	ES_LU	29292166	1242	4.240041518268059e-05	4885278	2909
554	ME_MK	193622	62	0.000320211546208592	6977	13839
555	AZ_GE	99750	115	0.0011528822055137844	17814	1299
556	GB_LU	48845871	6259	0.00012813774986221457	8242449	3391
557	AL_HR	65228	10	0.00015330839516771938	300	9369
558	LT_MK	165689	7	4.2247825745825006e-05	4482	13833
559	GB_RU	55591433	56885	0.001023269178903879	8244732	1384565
560	AM_FI	446806	9	2.01429703271666e-05	2247	67756
561	GR_MC	674281	19	2.8178163110038693e-05	94931	1564
562	IT_LT	5617344	818	0.00014562042132367184	926179	4538
563	DK_NO	740972	3131	0.004225530789287584	44419	121335
564	FR_RS	23753430	11295	0.0004755102736741599	3153480	90361
565	MK_RO	179821	55	0.0003058597160509618	13842	8279
566	GE_MT	3379	6	0.0017756732761171944	1287	1161
567	AZ_LV	396694	24	6.050003277085108e-05	17804	80640
568	AM_GE	9765	54	0.005529953917050691	2259	1297
569	GB_RS	49531054	14781	0.0002984188464877004	8242655	90732
570	BA_MK	163028	52	0.0003189636136123856	3484	13838
571	IS_LU	39343	18	0.0004575146785959383	6783	2743
572	BG_IS	80789	4	4.95116909480251e-05	6731	6785
573	AT_SI	263865	904	0.003425994353173024	35996	10018
574	BY_LV	622863	735	0.001180034774902346	98004	80678
575	HU_LU	92119	92	0.000998708192663837	27230	2775
576	LT_SI	113867	15	0.00013173263544310468	4482	9973
577	AM_SI	111994	2	1.785809954104684e-05	2243	9974
578	BG_FI	484874	434	0.0008950778965256954	6756	67760
579	MT_TR	15350824	545	3.550298016575527e-05	1213	3794857
580	EE_PT	3147086	200	6.355085307487626e-05	16988	460192
581	AZ_BG	143335	62	0.00043255310984755994	17818	6751
582	ES_MT	29288938	535	1.826628196624951e-05	4885242	1253
583	DK_EE	251720	90	0.000357540123947243	44315	16990
584	CY_LT	38249	4	0.00010457789746137153	10599	4481
585	CY_GE	30398	8	0.00026317520889532203	10600	1287
586	AM_HR	72833	10	0.00013730039954416268	2248	9366
587	AD_DK	214424	0	0.0	638	44302
588	AT_LU	163442	584	0.0035731329768358194	36021	2857
589	IE_RS	2541263	821	0.00032306770294928154	399684	89790
590	BG_HR	110665	199	0.001798219852708625	6777	9434
591	LT_NO	534422	44	8.233193992762274e-05	4495	121262
592	FR_LT	23071729	578	2.505230535604852e-05	3152866	4536
593	LU_MD	6337	0	0.0	2742	973
594	ES_SK	29290172	522	1.7821677523778283e-05	4885239	1705
595	PT_SM	3108649	3	9.650494475252754e-07	460177	249
596	ES_FR	52559544	211218	0.004018642170868149	4893483	3160042
597	BG_SM	45715	5	0.00010937329104232747	6733	248
598	BE_RO	830249	873	0.0010514917813812482	191521	8413
599	GR_MD	674134	2	2.966769217989302e-06	94926	973
600	BY_DE	3849888	2088	0.0005423534398922774	98100	576629
601	AM_MD	10155	1	9.847365829640571e-05	2243	974
602	DE_RO	3550184	1822	0.0005132128362924288	576677	8571
603	CY_ME	66127	4	6.048966382869327e-05	10599	6965
604	AZ_MC	100219	11	0.00010975962641814426	17800	1559
605	ES_GB	78562214	439750	0.005597474633288721	4902928	8249884
606	CY_SM	28746	0	0.0	10598	248
607	GE_IS	37147	0	0.0	1284	6783
608	FI_MD	441247	2	4.532608720285917e-06	67755	973
609	ME_PT	3146285	262	8.327281222139761e-05	7060	460229
610	CZ_ME	262216	45	0.0001716142416938707	44539	6969
611	CH_MT	252099	33	0.0001309009555769757	72278	1163
612	GE_HR	66849	21	0.00031414082484405154	1296	9373
613	AD_LI	1925	0	0.0	638	190
614	RO_SE	1816309	322	0.00017728260995238145	8325	314119
615	GE_MD	4159	0	0.0	1284	973
616	PT_SE	4902926	2304	0.0004699234701890259	460500	314198
617	BA_DK	220229	46	0.00020887349077551093	3490	44307
618	BA_PL	2407538	85	3.5305777105075806e-05	3512	229113
619	IL_LU	431892	14	3.2415511285228714e-05	39812	2746
620	IS_UA	508084	37	7.282260413632391e-05	6784	144661
621	CZ_LV	523525	52	9.932667971921112e-05	44549	80640
622	AD_RU	6700250	30	4.4774448714600206e-06	638	1382444
623	AD_AM	9101	0	0.0	638	2243
624	FR_LI	23063901	1786	7.74370302751473e-05	3152961	205
625	MT_SM	1729	0	0.0	1160	248
626	FR_IE	24949034	27851	0.0011163157659731435	3153871	400892
627	MD_MK	158270	0	0.0	973	13831
628	LV_NL	9692140	1026	0.00010585897438542985	80729	1458502
629	FI_SM	439159	1	2.2770795998715727e-06	67755	248
630	FR_MC	23076952	13083	0.0005669292894486239	3152944	1886
631	LV_MK	454882	20	4.396744650260947e-05	80638	13834
632	CH_RO	274923	575	0.0020914947094277307	72427	8408
633	CH_UA	724162	853	0.0011779132293602813	72381	144734
634	IS_LV	334188	6	1.795396603109627e-05	6783	80638
635	CZ_PT	3333881	869	0.0002606571740263075	44671	460305
636	LV_UA	772531	880	0.0011391128640792407	80662	144683
637	EE_SE	1831598	954	0.0005208566508589767	17054	314193
638	BG_RU	6745814	1346	0.00019953114627826974	6836	1382512
639	EE_HR	103450	26	0.0002513291445142581	16983	9365
640	AZ_IL	525680	61	0.00011604017653325216	17821	39829
641	NL_NO	9920427	3541	0.00035694028089718315	1458776	121439
642	CH_MC	253081	99	0.00039117910866481485	72296	1579
643	MT_RO	25317	5	0.0001974957538412924	1161	8275
644	RO_UA	496859	304	0.0006118436015046522	8295	144695
645	AM_BA	14861	1	6.729022273063724e-05	2243	3474
646	MC_NO	527116	20	3.794231250806274e-05	1563	121257
647	CY_MC	30964	1	3.2295569047926627e-05	10599	1558
648	MC_RU	6701913	510	7.609767539507003e-05	1564	1382445
649	AM_GB	48844736	1307	2.675825702077702e-05	2470	8242245
650	AL_HU	88245	6	6.79925208227095e-05	299	27203
651	NL_PL	11835002	42335	0.0035771012121501963	1460780	230872
652	IE_UA	2333026	523	0.00022417238384827258	399675	144727
653	AD_LT	10961	0	0.0	638	4481
654	HR_SM	65184	0	0.0	9363	248
655	HR_LT	74684	1	1.3389748808312357e-05	9363	4481
656	RO_SI	127977	41	0.0003203700664963236	8288	9989
657	FR_HU	23168757	19328	0.0008342268858014264	3153938	29363
658	GE_UA	474673	57	0.00012008266743631931	1297	144669
659	FI_SE	2239671	8537	0.0038117205607430733	67912	314355
660	BG_SE	1837898	212	0.00011534916518762195	6790	314116
661	AZ_FR	23160560	1345	5.807286179608783e-05	18077	3152894
662	AL_CY	28784	4	0.00013896609227348526	298	10601
663	FI_HR	504028	114	0.00022617791075099002	67759	9379
664	FI_LU	443030	50	0.00011285917432228066	67758	2758
665	RS_RU	7382047	2378	0.00032213287181726154	89776	1382503
666	BY_RU	7191855	169648	0.023588907173462202	104428	1386197
667	DE_IT	9181850	50472	0.005496931446277166	580275	929719
668	AM_ES	29296760	2019	6.89154705161936e-05	2615	4885389
669	AT_MK	315938	1147	0.0036304591407174827	35964	13854
670	BY_MT	324757	7	2.1554577730426135e-05	97965	1161
671	HR_HU	153166	205	0.0013384171421856027	9404	27254
672	ME_RO	61421	33	0.0005372755246576904	6967	8294
673	CH_FR	23547233	235244	0.009990303319290211	83024	3157469
674	BY_TR	15672423	424	2.705388949749506e-05	97995	3794876
675	AZ_CY	126358	49	0.00038778708115038226	17810	10609
676	IS_LT	45003	1	2.222074083949959e-05	6784	4481
677	DK_IS	249033	568	0.0022808222203483074	44334	6789
678	BA_GE	8878	13	0.0014642937598558234	3484	1291
679	LU_ME	41630	3	7.20634158059092e-05	2743	6964
680	ES_MK	29444176	1319	4.479663482516882e-05	4885356	14020
681	AD_TR	15350023	11	7.16611304100326e-07	640	3794833
682	BA_IS	42296	0	0.0	3474	6783
683	PL_SK	2403323	115	4.7850413781252044e-05	229118	1640
684	BY_ME	360837	11	3.0484678677630067e-05	97967	6968
685	CH_SK	253450	137	0.0005405405405405405	72308	1659
686	BG_SI	149691	56	0.0003741039875476816	6747	9996
687	AT_HU	250232	3419	0.013663320438632949	36314	27582
688	AZ_SE	1890188	221	0.00011691958683474872	17836	314118
689	GE_LT	11580	9	0.0007772020725388601	1286	4484
690	BA_MD	9308	0	0.0	3474	973
691	BE_MC	808124	114	0.00014106745994426598	191355	1573
692	GB_MC	48839418	1411	2.8890598163966655e-05	8242226	1652
693	DE_GE	3526712	289	8.194601657294387e-05	576470	1363
694	CY_PL	2429052	74	3.046455983651235e-05	10619	229106
695	MD_PL	2402774	27	1.1237011887093834e-05	973	229104
696	BG_MT	47015	4	8.50792300329682e-05	6734	1161
697	CY_NO	553273	76	0.00013736437527224355	10604	121259
698	BY_PT	3431811	144	4.1960352711731503e-05	97986	460215
699	DK_SE	2012408	7042	0.0034992904023438587	44812	314344
700	AT_DK	372423	425	0.001141175491309613	36026	44332
701	BE_RU	7509867	5316	0.0007078687279015727	191937	1382664
702	GE_MC	4299	10	0.0023261223540358223	1285	1566
703	LI_SI	104816	0	0.0	190	9973
704	AD_CY	29780	0	0.0	638	10598
705	LI_MT	2192	0	0.0	190	1160
706	DE_SK	3527906	579	0.0001641200190708029	576520	1735
707	FI_RU	7143138	5222	0.0007310512550646509	67901	1382563
708	CH_CY	279210	127	0.0004548547688120053	72295	10603
709	ME_TR	15386735	380	2.4696597426289594e-05	7073	3794874
710	GB_IL	49271853	8435	0.00017119307447195054	8242324	40113
711	FI_IL	866828	42	4.8452518838800776e-05	67761	39814
712	GB_MK	48994648	3103	6.333344817580892e-05	8242267	14080
713	NO_SI	628876	72	0.00011448997894656499	121262	9985
714	AM_AZ	105819	189	0.0017860686644175431	2278	17837
715	FR_SK	23066531	2331	0.00010105550765305802	3152932	1842
716	DE_MC	3527116	120	3.40221302616642e-05	576463	1589
717	AD_MT	2763	0	0.0	638	1160
718	AD_DE	3525818	5	1.4181106341847481e-06	638	576431
719	FI_SI	543140	57	0.00010494531796590197	67758	9982
720	GB_SI	48944622	4907	0.00010025616297537245	8242404	10322
721	GR_MK	829867	2067	0.002490760567657227	94976	13927
722	HU_NO	612835	179	0.00029208514526748633	27257	121264
723	CY_UA	501332	42	8.37768185553685e-05	10603	144664
724	EE_MC	40885	0	0.0	16982	1557
725	BE_BG	851513	438	0.0005143785238745621	191426	6871
726	AL_EE	38702	0	0.0	295	16982
727	MD_MT	3816	0	0.0	973	1160
728	IS_TR	15384210	157	1.0205268908835749e-05	6787	3794836
729	GE_LI	2544	9	0.003537735849056604	1289	190
730	BA_RU	6706045	66	9.84186655472786e-06	3497	1382453
731	ES_LI	29287692	127	4.336292528615775e-06	4885220	203
732	IL_RO	451746	107	0.00023685876576660337	39820	8278
733	IE_NO	2386218	1808	0.0007576843356306926	399788	121333
734	EE_IL	466305	9	1.930067230675202e-05	16982	39811
735	SM_UA	472972	0	0.0	248	144661
736	FI_PL	2840322	932	0.00032813181040741154	67787	229203
737	BY_GR	995162	96	9.646670592325672e-05	97975	94947
738	AD_BG	46746	2	4.278440936122877e-05	638	6731
739	BG_PT	3154775	847	0.0002684819044147364	7008	460336
740	FR_HR	23129545	3137	0.00013562739777198384	3153128	9864
741	BE_HU	894897	1327	0.0014828522165120678	191601	27503
742	EE_FR	23100521	629	2.7228823107496147e-05	17009	3152842
743	BG_NL	9438904	1187	0.00012575612592309447	6941	1458480
744	FR_MT	23063308	355	1.539241465274626e-05	3152821	1215
745	LU_LV	302957	28	9.24223569681506e-05	2743	80637
746	EE_LT	48212	45	0.0009333775823446445	16984	4490
747	CZ_FI	663749	225	0.0003389835615571549	44571	67765
748	IT_LV	5906154	448	7.58530847654836e-05	926164	80655
749	BA_RO	30925	121	0.00391269199676637	3501	8297
750	LT_SK	12484	9	0.0007209227811598846	4481	1615
751	AZ_RU	6799923	3174	0.0004667699913660787	17884	1382499
752	HU_LV	386930	46	0.0001188845527614814	27213	80643
753	AM_MC	10286	2	0.00019443904335990667	2243	1558
754	FI_UA	911952	250	0.0002741372352930856	67774	144671
755	NL_SI	9497338	978	0.00010297622344282156	1458460	10045
756	AZ_BA	104796	12	0.00011450818733539448	17803	3480
757	AL_GE	2114	8	0.003784295175023652	299	1290
758	BA_IL	434860	11	2.5295497401462538e-05	3479	39813
759	BG_UA	518364	110	0.00021220609455903573	6758	144679
760	BA_CH	257762	204	0.0007914277511813223	3512	72311
761	AL_BE	805890	63	7.817444068048989e-05	319	191358
762	AM_RO	31671	21	0.0006630671592308421	2249	8280
763	DK_RU	6914998	2850	0.0004121476246269341	44523	1382573
764	CH_PL	2653452	2455	0.00092520987754819	72544	229291
765	DE_UA	4016557	19234	0.004788678462673379	577482	145216
766	GR_RU	7373764	2961	0.00040155882396019184	95213	1382527
767	BE_ME	843272	102	0.00012095741350359077	191371	7011
768	CY_HR	93508	6	6.416563288702571e-05	10602	9365
769	GR_TR	16055236	34641	0.0021576138774914303	98342	3797075
770	BY_FI	762281	102	0.00013380892348097354	97967	67763
771	LT_ME	47312	8	0.00016909029421711193	4483	6966
772	MT_NO	526201	21	3.9908704088361675e-05	1165	121262
773	ES_RO	29314342	3657	0.0001247512224562298	4885519	8828
774	NO_RS	1206241	879	0.0007287101002204369	121275	89714
775	GB_ME	48875160	1993	4.077736011503594e-05	8242295	7175
776	BY_LT	335050	2102	0.006273690493956126	98057	4764
777	BA_NO	531734	62	0.00011659965321006368	3491	121261
778	BE_GR	1480218	2808	0.0018970178716918725	191558	95241
779	FI_IT	6048183	2426	0.0004011122017968041	67856	926346
780	HR_LI	65647	0	0.0	9363	190
781	LV_MT	300414	6	1.9972438035510995e-05	80637	1162
782	EE_RS	719172	21	2.9200246950659925e-05	16984	89677
783	HU_LT	97765	61	0.0006239451746535058	27208	4488
784	PT_TR	18487667	30471	0.0016481798379427755	464728	3798792
785	IT_SI	5712893	1941	0.000339757807471626	926247	10180
786	PL_RO	2424576	333	0.0001373436015204308	229170	8368
787	AM_PL	2408368	69	2.865010662822293e-05	2264	229113
788	EE_SK	41218	2	4.852249017419574e-05	16982	1612
789	GB_TR	64308419	124079	0.0019294363308791653	8245586	3802733
790	DK_ES	29507428	7364	0.0002495642792045447	44532	4885532
791	IS_NO	560167	213	0.00038024374873921527	6787	121276
792	AT_FI	598412	646	0.0010795238063407819	36024	67776
793	FR_ME	23099745	716	3.0996013159452626e-05	3152890	7101
794	BY_RO	347044	12	3.4577748066527584e-05	97965	8275
795	AT_CY	187385	31	0.00016543480001067322	35948	10606
796	BG_IE	1905827	586	0.00030747806595247105	6807	399650
797	MT_UA	474288	15	3.162635360793442e-05	1162	144663
798	RU_SI	6803239	128	1.8814567590525632e-05	1382454	10003
799	BG_LT	55244	35	0.0006335529650278763	6739	4481
800	GR_NO	1197783	1287	0.0010744851112430215	94999	121297
801	LT_LU	13755	6	0.0004362050163576881	4482	2744
802	HR_IL	492839	27	5.478462540505114e-05	9369	39814
803	CH_ME	288346	204	0.0007074833706727335	72308	6976
804	AD_GB	48836989	165	3.3785866692150083e-06	649	8242212
805	FR_MK	23218549	1142	4.918481340069959e-05	3152911	14000
806	BY_PL	2728589	4908	0.0017987318720408241	98190	229491
807	AZ_HR	162775	28	0.00017201658731377667	17814	9376
808	MD_SK	5065	2	0.0003948667324777887	973	1614
809	AL_SE	1792460	22	1.2273635115985852e-05	307	314110
810	LV_RU	7013398	15533	0.002214760947546396	81093	1382664
811	IL_IS	463131	0	0.0	39811	6783
812	AM_LT	17574	8	0.00045521793558666213	2245	4483
813	BA_SK	9779	10	0.0010225994477962982	3479	1617
814	CH_GB	49133103	46976	0.0009560967480519193	75742	8243779
815	AL_MD	2549	0	0.0	295	973
816	AT_SE	1952281	1269	0.000650008887040339	36114	314162
817	DE_PL	5999865	74854	0.012475947375482615	579279	231576
818	GR_IE	2533079	1503	0.0005933490428052184	95200	399730
819	LU_MT	5552	1	0.00018011527377521613	2743	1160
820	PT_RO	3133008	779	0.00024864283780954275	460350	8511
821	AT_GB	49037422	43024	0.0008773707557464991	39317	8244018
822	IT_PL	8020663	13404	0.001671183541809449	926946	229934
823	AT_SM	159044	8	5.0300545760921505e-05	35940	249
824	HR_MK	221202	263	0.0011889585085125812	9390	13846
825	MK_NO	680827	193	0.000283478769202749	13843	121259
826	IT_TR	21023846	68269	0.003247217469153836	933059	3800205
827	AD_PL	2401696	2	8.327448602987222e-07	638	229103
828	MD_SE	1794498	7	3.900812372039423e-06	974	314110
829	CZ_NO	749386	141	0.0001881540354370111	44566	121266
830	HR_TR	15414467	733	4.755273082098784e-05	9537	3794928
831	BY_HU	411303	77	0.00018720991580416384	97973	27215
832	CZ_IL	652487	65	9.96188429807797e-05	44544	39814
833	GB_NO	49404446	44205	0.0008947575285025968	8243178	122362
834	AT_BY	482347	290	0.0006012269175510577	35967	97968
835	BA_LV	305903	3	9.80703033314482e-06	3477	80639
836	HU_LI	89576	908	0.010136643743859962	27427	199
837	BG_MC	47931	4	8.345329744841543e-05	6732	1560
838	IT_MT	5608897	569	0.00010144597057139755	926153	1215
839	FR_PT	26234794	64924	0.002474728789560917	3155020	463931
840	AZ_UA	570725	190	0.00033290989530859874	17808	144672
841	BA_ME	45459	861	0.018940143865901142	3539	6983
842	BE_LV	1104921	449	0.0004063638938892464	191373	80653
843	MK_TR	15507906	3173	0.00020460531550810278	14060	3795016
844	LU_MC	6470	3	0.0004636785162287481	2742	1559
845	RS_SK	683493	34	4.974447433989814e-05	89679	1630
846	NL_PT	12511762	11109	0.0008878845361668485	1458948	461342
847	DK_PT	3322629	1021	0.0003072867900689484	44385	460359
848	BA_ES	29294482	587	2.0037903383988836e-05	3653	4885273
849	AL_MT	1764	1	0.0005668934240362812	296	1161
850	IT_SM	5616422	9395	0.0016727731641247756	926248	617
851	DK_GE	215062	28	0.00013019501353098175	44304	1295
852	IL_RU	7130701	3887	0.0005451076969851912	39910	1382484
853	AM_LU	11889	0	0.0	2243	2742
854	DE_MD	3526895	29	8.222530015778752e-06	576435	974
855	BE_EE	844220	187	0.0002215062424486508	191358	16988
856	AD_IE	1860997	4	2.149385517547852e-06	638	399622
857	ME_UA	510370	21	4.114661911946235e-05	6972	144668
858	DE_SI	3629773	1069	0.00029450877506665015	576532	10077
859	BA_MC	9459	21	0.0022201078338090706	3478	1562
860	LV_TR	15649083	1426	9.112355017862708e-05	80678	3794883
861	AM_HU	95895	51	0.000531831690911935	2265	27211
862	AD_IS	36537	0	0.0	638	6783
863	AD_SE	1793438	0	0.0	638	314108
864	DE_MT	3526157	77	2.183680420355645e-05	576444	1183
865	ES_IL	29718559	3829	0.00012884204782607394	4885511	40158
866	AD_NL	9393475	6	6.387412539023098e-07	639	1458414
867	LV_MC	301326	2	6.637329669527356e-06	80637	1557
868	CZ_DE	3754964	5819	0.0015496819676566805	45461	577030
869	IE_IS	1895192	158	8.33688618356346e-05	399635	6789
870	ES_HR	29353590	1732	5.9004707771689936e-05	4885400	9688
871	LT_MT	11229	1	8.905512512245079e-05	4481	1161
872	AM_EE	46308	1	2.1594540900060463e-05	2243	16982
873	AT_PT	3268936	1682	0.0005145405110409014	36355	460483
874	CH_RS	935032	3784	0.00404692031930458	72515	89806
875	LV_NO	823946	388	0.00047090464666373766	80648	121276
876	CZ_LI	225258	1	4.4393539852080724e-06	44537	190
877	FR_RU	29782777	22367	0.0007510045151263094	3153941	1383369
878	CZ_DK	437982	226	0.0005160029407601226	44585	44332
879	CY_NL	9421006	253	2.6854881527514153e-05	10635	1458428
880	AZ_RO	121670	96	0.0007890194789183858	17809	8284
881	LI_MC	3108	0	0.0	190	1557
882	DE_SE	5329128	12373	0.0023217682142369256	577203	314589
883	GE_NO	526541	18	3.4185372079287274e-05	1286	121259
884	CZ_HU	312925	354	0.0011312614843812414	44639	27285
885	CZ_MK	380575	26	6.831767719897523e-05	44537	13835
886	RS_SE	2475124	2237	0.0009037931028910067	89742	314148
887	EE_RO	62266	15	0.00024090193685157227	16982	8276
888	AZ_MT	99303	11	0.00011077208140740965	17805	1166
889	BE_LU	810616	1001	0.0012348633631707245	191460	2925
890	FI_TR	15789277	1569	9.937123783438596e-05	67829	3794943
891	AZ_EE	136343	112	0.0008214576472572849	17803	16983
892	AL_LU	4284	0	0.0	295	2742
893	EE_TR	15387666	448	2.911422693994008e-05	17006	3794843
894	FR_LV	23361283	952	4.075118648235202e-05	3152866	80689
895	DK_FI	652785	665	0.001018712133397673	44355	67789
896	GE_RO	25689	34	0.0013235236871812837	1295	8290
897	DK_LU	217304	92	0.0004233700254022015	44304	2758
898	AT_IE	2020263	1696	0.0008394946598536923	36216	399764
899	DE_TR	18992135	118806	0.006255536831430484	580682	3797532
900	CZ_GR	896755	344	0.0003836053325601753	44584	94973
901	AL_FI	439196	4	9.107551070592629e-06	299	67755
902	HR_NL	9458347	1156	0.00012222008771723008	9524	1458486
903	LV_SI	403045	13	3.225446290116488e-05	80640	9976
904	AL_AZ	98036	11	0.00011220368028071321	304	17802
905	IS_RO	59088	2	3.3847820200379094e-05	6783	8275
906	LU_SE	1796497	271	0.0001508491247132614	2771	314114
907	LI_NL	9392939	41	4.3649809713445385e-06	192	1458421
908	BE_SM	805799	6	7.4460256217741644e-06	191346	250
909	IS_PL	2435759	24	9.853191551380904e-06	6785	229104
910	ES_GE	29289867	1121	3.827262172272752e-05	4885353	1494
911	GE_TR	15352256	1634	0.0001064338687421575	1520	3794951
912	PL_UA	2891126	17922	0.006198968844664674	230177	145223
913	AT_HR	224990	1198	0.0053246810969376415	36164	9499
914	AD_GE	3106	0	0.0	638	1284
915	ES_NO	29818204	6651	0.0002230516633396163	4885575	121487
916	GE_RS	682589	34	4.981035440067156e-05	1296	89683
917	GR_IL	1100878	1205	0.0010945808709048597	95042	39909
918	BA_GB	48844712	2129	4.35871133808712e-05	3772	8242301
919	AL_ME	37846	7	0.00018496010146382708	299	6966
920	AT_RU	6860062	2268	0.0003306092568842672	36219	1382575
921	FI_NL	9834247	3082	0.0003133946096737249	67867	1458627
922	BE_CZ	1031936	1777	0.0017220060158769537	191628	44796
923	GE_NL	9394471	392	4.172667093229624e-05	1367	1458434
924	GB_PT	52031450	87442	0.0016805605071548073	8244071	467301
925	HR_PL	2465944	528	0.00021411678448496802	9439	229150
926	CY_IE	1888547	270	0.00014296705350727305	10618	399634
927	ME_SE	1830015	234	0.00012786780436225932	6995	314109
928	AT_BE	968293	3892	0.004019444527637812	36630	192032
929	CH_IL	678554	161	0.0002372692519681558	72301	39832
930	MD_RU	6703209	1936	0.0002888168935207003	1013	1382492
931	CH_IE	2111947	1651	0.0007817431024547491	72568	399768
932	IE_NL	11292988	41022	0.0036325195776352546	403129	1462411
933	CH_HR	315940	419	0.0013262011774387542	72382	9442
934	GE_IT	5609977	1306	0.0002327995284116138	1518	926293
935	IS_PT	3143748	27	8.588474648731387e-06	6784	460183
936	IE_MT	1861398	138	7.413782544087831e-05	399631	1172
937	MC_SI	106574	4	3.753260645185505e-05	1558	9973
938	SK_SM	2976	0	0.0	1612	248
939	BA_HR	72942	965	0.013229689342217105	3532	9407
940	LU_SK	6821	23	0.0033719395982993697	2751	1616
941	AZ_IT	5706275	1685	0.00029528895820828826	18178	926334
942	HR_SK	67762	30	0.0004427260116289366	9372	1619
943	NL_UA	9869132	4153	0.0004208070172736569	1458801	144857
944	IT_LU	5612541	1692	0.0003014677309261527	926207	2908
945	AL_SI	104390	3	2.8738384902768466e-05	297	9975
946	IL_PT	3537140	866	0.0002448305693300237	39978	460340
947	EE_MK	194435	12	6.171728341090853e-05	16984	13833
948	IS_RS	716005	19	2.6536127541008792e-05	6788	89675
949	BY_GE	325108	15	4.613851397074203e-05	97967	1285
950	EE_SM	38668	0	0.0	16982	248
951	IE_IT	7478771	12213	0.0016330223241225062	400309	927088
952	HU_SK	91010	257	0.002823865509284694	27235	1646
953	MK_PT	3264871	470	0.00014395668312775604	13950	460268
954	CZ_LU	228719	103	0.00045033425294794047	44552	2765
955	AZ_ME	135386	18	0.00013295318570605527	17805	6970
956	MC_SK	5193	0	0.0	1557	1612
957	CZ_MD	226894	13	5.729547718317805e-05	44538	973
958	LU_NO	528750	49	9.267139479905438e-05	2758	121261
959	MD_SM	2515	0	0.0	973	248
960	CH_ES	29553815	16376	0.0005541078199210491	73761	4886055
961	DK_HR	278252	106	0.00038094964276986327	44309	9386
962	BE_IT	6431295	18903	0.0029392214165265317	193349	927614
963	AT_IT	5777007	11372	0.001968493373817965	37632	927080
964	AM_TR	15361953	5336	0.00034735166811146993	2758	3795137
965	NL_RS	10075808	2890	0.0002868256322470615	1458577	89899
966	HR_LV	363871	8	2.1985813653739925e-05	9367	80637
967	GR_LU	676044	177	0.0002618172781653265	94941	2771
968	HU_RO	112431	643	0.005719063247680799	27316	8361
969	BY_IS	358524	0	0.0	97964	6783
970	MC_PT	3110942	79	2.5394237501052737e-05	1579	460185
971	IE_LU	1864251	470	0.0002521119741923164	399642	2798
972	HR_MD	67271	0	0.0	9363	973
973	FR_PL	25484078	22194	0.0008708967222592868	3154039	230839
974	AT_ME	196536	123	0.0006258395408474783	35956	6981
975	ES_RS	29972792	5207	0.00017372422295527224	4885579	90212
976	AL_RU	6699240	20	2.985413270759071e-06	308	1382446
977	BA_GR	678918	80	0.00011783455439390325	3509	94949
978	CH_IS	285913	73	0.0002553224232546264	72276	6785
979	LI_SE	1792875	8	4.462106951125985e-06	190	314111
980	CY_TR	15400154	22858	0.0014842708715769985	11392	3795226
981	BG_NO	570294	133	0.00023321304449985445	6754	121265
982	AM_AT	166765	90	0.0005396815878631607	2271	35952
983	AL_BA	7261	6	0.0008263324610935132	299	3478
984	GE_IL	429716	16	3.723389401372069e-05	1294	39812
985	FR_IS	23096920	193	8.356092500645108e-06	3152816	6790
986	AL_IS	35538	1	2.8138893578704487e-05	296	6783
987	IT_RU	12323517	17732	0.0014388749575303867	927156	1383245
988	BG_CY	74045	17	0.00022959011411979201	6741	10601
989	HR_RS	761226	15559	0.020439396447309997	9570	89832
990	CH_TR	15615189	15874	0.001016574311076222	73177	3795387
991	HR_RO	89407	640	0.007158276197613163	9494	8395
992	CZ_RS	905835	558	0.0006160062262994916	44569	89695
993	LU_MK	160015	10	6.249414117426491e-05	2748	13833
994	DK_PL	2615109	1487	0.0005686187459107823	44382	229217
995	IL_MT	429371	14	3.26058350470805e-05	39815	1168
996	MT_SI	105655	1	9.464767403341063e-06	1160	9973
997	CY_MT	30055	8	0.0002661786724338712	10601	1162
998	BG_CZ	270144	68	0.0002517176024638711	6755	44553
999	EE_IE	1898530	331	0.0001743454146102511	17005	399640
1000	BY_MC	325667	1	3.070621217378488e-06	97964	1557
1001	SI_UA	576971	74	0.00012825601286719783	9983	144679
1002	AM_BY	331123	35	0.00010570090268570893	2244	97972
1003	LI_MD	2978	0	0.0	190	973
1004	BY_RS	1003974	42	4.183375266690173e-05	97967	89679
1005	ES_ME	29325211	732	2.496145722532056e-05	4885292	7124
1006	MC_SM	2646	1	0.0003779289493575208	1557	249
1007	GE_ME	39482	33	0.0008358239197609037	1302	6981
1008	AL_GR	672181	102	0.00015174484253497198	332	94945
1009	AD_HU	89240	1	1.1205737337516808e-05	639	27200
1010	AD_AT	160070	0	0.0	638	35940
1011	CH_IT	5891977	34613	0.005874598627930829	74454	927863
1012	DK_SM	213390	0	0.0	44302	248
1013	AT_NL	9558232	7189	0.0007521265439047723	36666	1458857
1014	AD_AL	1496	0	0.0	638	295
1015	HU_MC	90435	13	0.00014374965444794604	27206	1562
1016	IL_MC	430275	2	4.648190110975539e-06	39811	1557
1017	BA_LI	7684	0	0.0	3474	190
1018	GE_MK	157846	19	0.0001203704876905338	1294	13841
1019	DE_HR	3591905	2370	0.0006598170051824868	576625	9602
1020	BY_EE	361838	149	0.0004117864900867239	97970	16990
1021	LT_UA	483667	1196	0.002472775690712825	4665	144681
1022	IE_RO	1883930	388	0.0002059524504625968	399688	8377
1023	BA_FI	446008	57	0.00012780039819913544	3484	67756
1024	EE_UA	511443	231	0.0004516632351992304	16998	144669
1025	LI_SM	891	0	0.0	190	248
1026	CY_FI	467507	31	6.630916756326644e-05	10601	67757
1027	BG_TR	15396730	2470	0.00016042367437761135	7135	3795012
1028	LV_ME	336487	3	8.915649044391017e-06	80637	6964
1029	FR_SI	23167022	1445	6.23731440320642e-05	3152946	10169
1030	SE_UA	2266313	1365	0.0006022998588456228	314347	144723
1031	IE_RU	8563442	4725	0.0005517641154106025	399974	1382640
1032	AZ_GB	48936181	2828	5.7789552478563866e-05	18264	8242288
1033	BE_BY	1129108	294	0.00026038253205184976	191396	97992
1034	CY_SE	1820782	60	3.295287409475709e-05	10611	314112
1035	AM_SK	10618	3	0.000282539084573366	2243	1613
1036	FI_LV	738196	359	0.0004863207061539212	67769	80669
1037	RO_RU	6723445	676	0.00010054369448995269	8367	1382484
1038	IS_SE	1827944	465	0.0002543841605650939	6791	314131
1039	CH_SM	250780	15	5.981338224738815e-05	72277	256
1040	HU_UA	561292	543	0.0009674109019904079	27249	144707
1041	AD_MC	3679	0	0.0	638	1557
1042	AZ_DE	3623564	1222	0.0003372370406594171	17940	576511
1043	BG_LI	46173	0	0.0	6731	190
1044	ES_RU	36005488	19628	0.000545139118792113	4886220	1383072
1045	AT_IL	587211	547	0.000931522059361967	35986	39827
1046	MC_ME	40035	13	0.0003247158736105907	1563	6973
1047	BE_DK	1020331	1576	0.0015445968024101983	191543	44405
1048	IE_LT	1869671	213	0.00011392378659133078	399644	4511
1049	DE_LU	3535435	6834	0.0019330011724158413	576697	3375
1050	DE_GR	4206341	9945	0.002364287631459266	576914	95694
1051	AT_GE	160769	89	0.0005535893113722172	35964	1314
1052	AT_GR	831821	1168	0.0014041482482409077	36118	95079
1053	LT_PT	3118333	188	6.028862215805689e-05	4495	460222
1054	CH_GR	925670	3288	0.0035520217788196657	72457	95111
1055	BG_GB	48888317	7245	0.00014819491536188493	7521	8242432
1056	CZ_GB	49078752	18596	0.0003789012401945347	46189	8243194
1057	ES_IS	29322500	323	1.101543183562111e-05	4885222	6789
1058	AT_MT	160350	13	8.107265357031493e-05	35946	1163
1059	AZ_IE	1957649	127	6.487373374900199e-05	17844	399634
1060	HU_SE	1880912	731	0.0003886412548806111	27285	314140
1061	IE_MD	1862064	18	9.666692444513185e-06	399627	974
1062	IS_SI	139430	2	1.4344115326687226e-05	6783	9973
1063	AD_FI	440192	0	0.0	638	67755
1064	AD_IT	5608069	8	1.4265159718969222e-06	639	926111
1065	ME_NL	9430035	223	2.3647844361129093e-05	7025	1458433
1066	AM_IT	5615980	1314	0.0002339751922193455	2507	926300
1067	BA_BY	330242	0	0.0	3474	97964
1068	IE_IL	2288499	912	0.00039851448482171065	399643	39843
1069	DK_LV	512499	430	0.0008390260273678583	44352	80657
1070	IL_SM	428056	0	0.0	39811	248
1071	CY_SI	132687	16	0.00012058453352626858	10606	9977
1072	NL_RO	9417187	1169	0.0001241347336524166	1458523	8472
1073	HR_MT	66489	4	6.016032727218036e-05	9363	1161
1074	DE_PT	6643834	10837	0.0016311364793280506	577453	461699
1075	DE_IE	5402802	18492	0.0034226684598102986	578151	401054
1076	IE_SM	1859962	3	1.6129361782660075e-06	399622	249
1077	LT_MD	12018	4	0.0003328340822100183	4483	973
1078	CZ_MC	227016	5	2.2024879303661416e-05	44537	1561
1079	IT_UA	6082467	2896	0.0004761225995965124	926307	144922
1080	EE_ES	29325959	617	2.1039380161446725e-05	17020	4885250
1081	BG_RS	726666	473	0.0006509180283651636	6806	89740
1082	ME_SI	141906	176	0.0012402576353360676	6968	9976
1083	CH_MD	252859	7	2.768341249471049e-05	72275	973
1084	AM_CZ	232443	10	4.302129984555353e-05	2251	44539
1085	LI_LV	299570	0	0.0	190	80637
1086	DE_EE	3563427	408	0.00011449652258906945	576465	17003
1087	BG_IT	5657896	5587	0.000987469546983543	7402	926575
1088	GR_IT	6298128	19484	0.003093617659088542	97386	928157
1089	AT_UA	632736	1156	0.0018269862944419158	36031	144739
1090	AL_TR	15349354	342	2.2281067985010964e-05	405	3794869
1091	SK_UA	475570	50	0.0001051369935025338	1616	144667
1092	AD_RS	681945	0	0.0	638	89674
1093	BA_HU	95079	81	0.0008519231376013631	3504	27236
1094	BY_ES	29610935	812	2.7422301930013356e-05	97996	4885255
1095	HU_PT	3197532	1109	0.0003468299926318173	27447	460372
1096	DE_MK	3683916	3382	0.0009180448196973004	576512	13926
1097	IS_MC	37720	0	0.0	6783	1557
1098	HU_TR	15440544	3789	0.0002453929084363867	27705	3795105
1099	CZ_HR	289803	253	0.0008730068356780296	44568	9386
1100	MK_SK	158736	5	3.149884084265699e-05	13833	1614
1101	CZ_PL	2627033	2007	0.0007639797444493465	44712	229304
1102	BY_SI	427381	7	1.637882825862638e-05	97964	9975
1103	ES_MC	29289645	326	1.1130213425256606e-05	4885245	1626
1104	LV_SE	2091784	701	0.0003351206434316354	80677	314172
1105	LV_PL	2699613	274	0.00010149602924567337	80657	229136
1106	FI_RO	463015	274	0.0005917734846603242	67756	8303
1107	AM_UA	480652	41	8.530079974701032e-05	2253	144669
1108	IL_LT	437567	12	2.742437158195202e-05	39812	4485
1109	LV_SM	299107	0	0.0	80637	248
1110	DK_LT	223101	212	0.0009502422669553252	44320	4500
1111	BA_LT	16731	11	0.0006574621959237344	3480	4484
1112	GE_SI	106012	15	0.00014149341583971625	1292	9978
1113	CZ_RU	6930348	6796	0.0009806145376826676	44894	1382567
1114	LV_RO	322708	18	5.577797885394846e-05	80637	8277
1115	GB_GE	48839605	2171	4.445162895973463e-05	8242278	1545
1116	IL_UA	900917	317	0.0003518637121954631	39835	144670
1117	EE_LI	39131	0	0.0	16982	190
1118	EE_GR	710319	34	4.786581803386929e-05	16983	94938
1119	LI_PL	2401124	1	4.164716191250431e-07	190	229102
1120	ES_FI	29730372	4540	0.00015270579190869188	4885461	67902
1121	DE_GB	53032656	672515	0.012681148762377657	605224	8267339
1122	BY_LI	323912	0	0.0	97964	190
1123	IE_SE	3658032	6097	0.0016667432105569333	399980	314275
1124	BE_CH	1062311	6181	0.005818446763706673	192069	72972
1125	AD_HR	66218	0	0.0	638	9363
1126	DK_RO	237115	142	0.0005988655293844759	44318	8311
1127	AL_MK	156265	48	0.00030717051163088344	304	13834
1128	EE_GE	40312	0	0.0	16982	1284
1129	BE_NL	10308191	110391	0.010709056516317945	194905	1461127
1130	HR_MC	67416	15	0.00022249911000356	9368	1562
1131	IT_NL	15031977	32943	0.0021915281003955767	928441	1460020
1132	CZ_SM	224796	2	8.896955461840959e-06	44537	250
1133	ES_SE	31094114	15036	0.000483564188386265	4885942	314482
1134	IT_RO	5638044	7434	0.001318542388104811	926690	9393
1135	AL_LT	9963	2	0.00020074274816822243	297	4481
1136	AL_GB	48836890	1066	2.1827761759604268e-05	445	8242224
1137	LT_TR	15359333	856	5.57315867817958e-05	4551	3794873
1138	IL_SE	2220275	243	0.00010944590197160261	39837	314135
1139	BG_ES	29334724	2340	7.976894549953836e-05	7295	4885493
1140	EE_SI	142595	2	1.4025737227813036e-05	16983	9974
1141	GB_SM	48835851	61	1.2490823595968462e-06	8242213	258
1142	GB_MD	48838005	128	2.6209096788453994e-06	8242215	977
1143	ES_PT	32512830	117510	0.0036142655068783615	4894117	470471
1144	BA_UA	479784	19	3.960115385256699e-05	3484	144667
1145	GB_HR	48907203	6657	0.00013611491951400287	8242571	10032
1146	HU_MT	89513	7	7.820093170824349e-05	27202	1165
1147	DE_RS	4211775	6513	0.0015463789020068737	576763	89994
1148	FI_GR	1111291	516	0.00046432482581070124	67776	94988
1149	ME_PL	2438179	142	5.82401866310882e-05	6992	229109
1150	MC_TR	15351279	84	5.47185677493061e-06	1574	3794842
1151	BE_MD	807885	5	6.188999671983017e-06	191347	973
1152	GB_MT	48839836	2745	5.620411993193425e-05	8242242	1279
1153	DK_IE	2074852	1931	0.0009306687898703136	44450	399793
1154	BE_CY	834238	127	0.00015223473397279913	191353	10622
1155	HU_RS	769288	600	0.0007799419723172596	27305	89750
1156	AZ_LU	101817	4	3.9286170285905104e-05	17801	2743
1157	AT_PL	2563076	3808	0.0014857148207856497	36263	229375
1158	DE_LT	3534771	493	0.00013947155275405393	576528	4603
1159	ES_LT	29297747	1146	3.9115635751786645e-05	4885247	4538
1160	PL_SI	2504822	237	9.461750176260029e-05	229116	10008
1161	MD_PT	3110737	4	1.2858689114508877e-06	975	460178
1162	FI_ME	476570	35	7.344146715068091e-05	67758	6974
1163	CZ_RO	248528	151	0.0006075774158243739	44581	8332
1164	HR_SI	170047	938	0.005516122013325728	9383	10002
1165	GE_SM	2072	0	0.0	1284	248
1166	ME_MT	39109	3	7.670868598020916e-05	6965	1160
1167	MT_RU	6700703	216	3.223542365629397e-05	1173	1382450
1168	AT_BA	166279	450	0.0027062948418020314	36002	3531
1169	IE_PL	4273452	13261	0.0031031119572654613	400332	229712
1170	RU_SK	6702107	373	5.565413981006272e-05	1382457	1642
1171	BG_GR	717855	528	0.0007355245836554735	6842	95009
1172	AM_IE	1867639	41	2.1952850631198e-05	2261	399625
1173	FR_RO	23092915	7680	0.00033256953485517096	3153399	9051
1174	ME_SM	37805	0	0.0	6964	248
1175	BE_TR	16176772	22429	0.001386494165832343	192560	3795688
