	country pair	monolingual c1	monolingual c2	bilingual	bilingual neighbor	monolingual neighbor
0	('AD', 'AM')	58	302	0	0	331
1	('AD', 'AT')	58	5794	0	0	5310
2	('AD', 'AZ')	58	3451	5	17	3267
3	('AD', 'BY')	58	14466	4	25	12743
4	('AD', 'BG')	58	515	0	0	445
5	('AD', 'CZ')	58	13110	2	1	12215
6	('AD', 'DK')	58	7054	0	0	6700
7	('AD', 'EE')	58	761	1	0	623
8	('AD', 'FI')	58	19216	3	16	18317
9	('AD', 'FR')	58	810848	1274	5235	780267
10	('AD', 'GE')	58	11	0	0	50
11	('AD', 'DE')	58	124817	37	600	115826
12	('AD', 'GR')	58	19497	7	19	18503
13	('AD', 'HU')	58	2074	0	0	1912
14	('AD', 'IS')	58	1760	2	12	1740
15	('AD', 'IE')	58	116994	105	328	110298
16	('AD', 'IL')	58	12324	6	9	12214
17	('AD', 'IT')	58	159876	212	777	147142
18	('AD', 'LV')	58	4481	3	6	4138
19	('AD', 'LT')	58	167	0	0	200
20	('AD', 'MD')	58	19	0	0	61
21	('AD', 'NL')	58	92759	82	197	84230
22	('AD', 'NO')	58	6395	1	1	5642
23	('AD', 'PL')	58	78119	10	19	75468
24	('AD', 'PT')	58	153568	155	497	148645
25	('AD', 'RO')	58	342	0	0	290
26	('AD', 'RU')	58	314347	21	51	297041
27	('AD', 'SM')	58	60	0	0	93
28	('AD', 'SI')	58	2232	0	0	2190
29	('AD', 'ES')	61	882476	64280	184930	902369
30	('AD', 'SE')	58	38112	19	54	36016
31	('AD', 'TR')	58	1157269	418	1007	1087381
32	('AD', 'GB')	58	2361692	1184	5145	2264396
33	('AM', 'AT')	302	5794	0	0	5547
34	('AM', 'AZ')	302	3451	1	0	3499
35	('AM', 'BY')	302	14466	20	60	12999
36	('AM', 'BG')	302	515	1	1	683
37	('AM', 'CZ')	302	13110	0	0	12451
38	('AM', 'DK')	302	7054	0	0	6937
39	('AM', 'EE')	302	761	0	0	857
40	('AM', 'FI')	302	19216	0	0	18551
41	('AM', 'FR')	302	810848	1	12	779365
42	('AM', 'GE')	302	11	0	0	287
43	('AM', 'DE')	302	124817	0	0	116034
44	('AM', 'GR')	302	19497	0	0	18734
45	('AM', 'HU')	302	2074	0	0	2149
46	('AM', 'IS')	302	1760	0	0	1975
47	('AM', 'IE')	302	116995	158	365	110700
48	('AM', 'IL')	302	12324	0	0	12445
49	('AM', 'IT')	302	159876	0	0	147201
50	('AM', 'LV')	302	4481	0	0	4372
51	('AM', 'LT')	302	167	0	0	437
52	('AM', 'MD')	302	19	0	0	298
53	('AM', 'NL')	302	92759	0	0	84397
54	('AM', 'NO')	302	6395	0	0	5876
55	('AM', 'PL')	302	78119	0	0	75698
56	('AM', 'PT')	302	153568	0	0	148751
57	('AM', 'RO')	302	342	0	0	527
58	('AM', 'RU')	303	314347	34	209	297308
59	('AM', 'SM')	302	60	0	0	330
60	('AM', 'SI')	302	2232	0	0	2427
61	('AM', 'ES')	302	882468	0	0	831351
62	('AM', 'SE')	302	38112	0	0	36235
63	('AM', 'TR')	302	1157269	3	16	1087260
64	('AM', 'GB')	302	2361697	168	393	2263907
65	('AT', 'AZ')	5794	3451	41	95	8857
66	('AT', 'BY')	5794	14468	14	36	18008
67	('AT', 'BG')	5795	515	5	5	5674
68	('AT', 'CZ')	5794	13110	24	245	17463
69	('AT', 'DK')	5794	7054	39	78	11968
70	('AT', 'EE')	5794	761	9	252	5843
71	('AT', 'FI')	5794	19216	25	295	23555
72	('AT', 'FR')	5811	810877	1098	5030	785696
73	('AT', 'GE')	5794	11	0	0	5266
74	('AT', 'GR')	5796	19497	20	129	23748
75	('AT', 'HU')	5796	2074	8	15	7159
76	('AT', 'IS')	5794	1760	3	3	6956
77	('AT', 'IE')	5794	117038	4222	7760	120586
78	('AT', 'IL')	5794	12324	5	21	17436
79	('AT', 'IT')	5799	159877	224	1355	152489
80	('AT', 'LV')	5794	4481	8	133	9355
81	('AT', 'LT')	5794	167	2	4	5418
82	('AT', 'MD')	5794	19	0	0	5277
83	('AT', 'NL')	5798	92759	843	2862	90335
84	('AT', 'NO')	5795	6395	31	104	10886
85	('AT', 'PL')	5796	78120	143	1161	80885
86	('AT', 'PT')	5795	153569	45	113	153789
87	('AT', 'RO')	5795	342	2	1	5507
88	('AT', 'RU')	5794	314347	199	1279	302481
89	('AT', 'SM')	5794	60	9	4	5322
90	('AT', 'SI')	5794	2232	2	4	7417
91	('AT', 'ES')	5801	882470	648	2899	836993
92	('AT', 'SE')	5794	38112	201	1024	41395
93	('AT', 'TR')	5796	1157293	2063	8005	1094645
94	('AT', 'GB')	5826	2361989	14423	44372	2285769
95	('AZ', 'BY')	3451	14468	69	257	16002
96	('AZ', 'BG')	3451	515	2	1	3637
97	('AZ', 'CZ')	3451	13110	13	18	15420
98	('AZ', 'DK')	3451	7054	14	96	9944
99	('AZ', 'EE')	3451	761	7	28	3799
100	('AZ', 'FI')	3451	19216	39	101	21522
101	('AZ', 'FR')	3452	810848	2867	14351	785392
102	('AZ', 'GE')	3451	11	0	0	3226
103	('AZ', 'DE')	3455	124817	1010	3772	121682
104	('AZ', 'GR')	3452	19497	14	61	21873
105	('AZ', 'HU')	3452	2074	2	1	5170
106	('AZ', 'IS')	3451	1760	2	21	4911
107	('AZ', 'IE')	3451	116998	701	1937	114148
108	('AZ', 'IL')	3451	12324	2	1	15380
109	('AZ', 'IT')	3451	159876	85	344	150307
110	('AZ', 'LV')	3451	4481	4	19	7336
111	('AZ', 'LT')	3451	167	2	1	3383
112	('AZ', 'MD')	3451	19	3	5	3231
113	('AZ', 'NL')	3451	92759	276	796	88048
114	('AZ', 'NO')	3451	6395	10	93	8853
115	('AZ', 'PL')	3451	78119	44	148	78811
116	('AZ', 'PT')	3452	153568	42	239	151763
117	('AZ', 'RO')	3451	342	4	14	3490
118	('AZ', 'RU')	3452	314347	309	1049	300801
119	('AZ', 'SM')	3451	60	5	7	3266
120	('AZ', 'SI')	3451	2232	3	1	5359
121	('AZ', 'ES')	3453	882469	574	2472	834871
122	('AZ', 'SE')	3452	38112	75	272	39338
123	('AZ', 'GB')	3453	2361697	2838	9580	2269748
124	('BG', 'BY')	515	14466	705	1212	13671
125	('BY', 'CZ')	14469	13110	66	167	25092
126	('BY', 'DK')	14468	7054	1	1	19371
127	('BY', 'EE')	14466	761	7	14	13486
128	('BY', 'FI')	14466	19216	4	6	30996
129	('BY', 'FR')	14471	810848	52	237	791942
130	('BY', 'GE')	14466	11	1	0	12695
131	('BY', 'DE')	14503	124817	88	382	128959
132	('BY', 'GR')	14468	19497	3	22	31155
133	('BY', 'HU')	14466	2074	2	2	14586
134	('BY', 'IS')	14466	1760	0	0	14383
135	('BY', 'IE')	14466	116998	2383	5658	125058
136	('BY', 'IL')	14469	12324	8	68	24890
137	('BY', 'IT')	14468	159876	12	80	159678
138	('BY', 'LV')	14473	4481	86	476	17532
139	('BY', 'LT')	14484	167	3	3	13060
140	('BY', 'MD')	14469	19	8	25	12755
141	('BY', 'NL')	14471	92759	7	49	96904
142	('BY', 'NO')	14467	6395	2	0	18296
143	('BY', 'PL')	14514	78120	41	227	88564
144	('BY', 'PT')	14468	153568	11	47	161193
145	('BY', 'RO')	14466	342	1	0	12942
146	('BY', 'SM')	14466	60	3	3	12740
147	('BY', 'SI')	14466	2232	1	4	14836
148	('BY', 'ES')	14471	882468	71	563	843922
149	('BY', 'SE')	14489	38112	7	43	49822
150	('BY', 'TR')	14467	1157269	161	725	1099881
151	('BY', 'GB')	14493	2361698	3107	8007	2279075
152	('BG', 'CZ')	515	13110	0	0	12567
153	('BG', 'DK')	515	7054	0	0	7052
154	('BG', 'EE')	515	761	0	0	971
155	('BG', 'FI')	515	19216	0	0	18666
156	('BG', 'FR')	515	810848	3	5	779481
157	('BG', 'GE')	515	11	0	0	401
158	('BG', 'DE')	516	124817	8	12	116157
159	('BG', 'GR')	515	19497	2	5	18851
160	('BG', 'HU')	515	2074	0	0	2263
161	('BG', 'IS')	515	1760	0	0	2089
162	('BG', 'IE')	515	116999	455	749	111165
163	('BG', 'IL')	515	12324	0	0	12559
164	('BG', 'IT')	515	159880	0	0	147325
165	('BG', 'LV')	515	4481	0	0	4486
166	('BG', 'LT')	515	167	0	0	552
167	('BG', 'MD')	515	19	0	0	412
168	('BG', 'NL')	515	92759	0	0	84515
169	('BG', 'NO')	515	6395	1	0	5990
170	('BG', 'PL')	515	78119	0	0	75814
171	('BG', 'PT')	515	153568	0	0	148866
172	('BG', 'RO')	515	342	0	0	641
173	('BG', 'RU')	515	314347	2289	7569	299329
174	('BG', 'SM')	515	60	0	0	445
175	('BG', 'SI')	515	2232	0	0	2541
176	('BG', 'ES')	515	882468	5	8	831475
177	('BG', 'SE')	515	38112	0	0	36349
178	('BG', 'TR')	515	1157272	15	87	1087425
179	('BG', 'GB')	515	2361720	501	1120	2264594
180	('CZ', 'DK')	13111	7054	4	14	18825
181	('CZ', 'EE')	13110	761	14	19	12752
182	('CZ', 'FI')	13110	19216	3	19	30437
183	('CZ', 'FR')	13111	810849	276	978	791591
184	('CZ', 'GE')	13110	11	0	0	12170
185	('CZ', 'DE')	13112	124836	55	327	128016
186	('CZ', 'GR')	13110	19497	6	25	30623
187	('CZ', 'HU')	13110	2074	12	34	14042
188	('CZ', 'IS')	13110	1760	4	4	13861
189	('CZ', 'IE')	13110	117015	4539	9475	127303
190	('CZ', 'IL')	13110	12324	0	0	24328
191	('CZ', 'IT')	13111	159876	61	139	159145
192	('CZ', 'LV')	13110	4481	18	26	16269
193	('CZ', 'LT')	13110	167	19	37	12335
194	('CZ', 'MD')	13110	19	3	4	12183
195	('CZ', 'NL')	13110	92759	29	82	96304
196	('CZ', 'NO')	13111	6395	5	4	17763
197	('CZ', 'PL')	13110	78119	174	630	87761
198	('CZ', 'PT')	13110	153570	49	92	160691
199	('CZ', 'RO')	13110	343	3	4	12412
200	('CZ', 'RU')	13111	314359	790	2387	310030
201	('CZ', 'SM')	13110	60	17	24	12227
202	('CZ', 'SI')	13110	2232	68	200	14370
203	('CZ', 'ES')	13115	882470	369	1603	843633
204	('CZ', 'SE')	13110	38112	22	149	48137
205	('CZ', 'TR')	13110	1157269	332	706	1099455
206	('CZ', 'GB')	13113	2361976	5213	12676	2281993
207	('DK', 'EE')	7054	761	7	46	7232
208	('DK', 'FI')	7054	19216	7	16	24930
209	('DK', 'FR')	7055	810849	470	1616	786154
210	('DK', 'GE')	7054	11	0	0	6656
211	('DE', 'DK')	124819	7054	206	427	122593
212	('DK', 'GR')	7054	19497	3	10	25108
213	('DK', 'HU')	7054	2074	4	49	8522
214	('DK', 'IS')	7054	1761	10	30	8384
215	('DK', 'IE')	7054	117049	5089	9514	122769
216	('DK', 'IL')	7054	12324	0	0	18814
217	('DK', 'IT')	7054	159876	29	116	153600
218	('DK', 'LV')	7054	4481	5	6	10747
219	('DK', 'LT')	7054	167	3	3	6809
220	('DK', 'MD')	7054	19	2	1	6668
221	('DK', 'NL')	7055	92759	306	1305	91018
222	('DK', 'NO')	7054	6396	3517	8106	15260
223	('DK', 'PL')	7054	78119	22	134	82094
224	('DK', 'PT')	7054	153568	16	76	155156
225	('DK', 'RO')	7054	342	2	1	6897
226	('DK', 'RU')	7054	314356	21	63	303719
227	('DK', 'SM')	7054	60	3	6	6702
228	('DK', 'SI')	7054	2232	1	1	8797
229	('DK', 'ES')	7054	882470	291	1170	838038
230	('DK', 'SE')	7055	38114	454	1613	43009
231	('DK', 'TR')	7054	1157276	502	1467	1094189
232	('DK', 'GB')	7059	2361831	7247	22045	2278522
233	('EE', 'FI')	761	19217	469	1525	19268
234	('EE', 'FR')	762	810848	1082	4070	780594
235	('EE', 'GE')	761	11	0	0	576
236	('DE', 'EE')	124817	761	175	639	116465
237	('EE', 'GR')	761	19497	5	8	19027
238	('EE', 'HU')	761	2074	3	13	2440
239	('EE', 'IS')	761	1760	5	10	2269
240	('EE', 'IE')	761	116999	1016	1624	111651
241	('EE', 'IL')	761	12324	1	38	12735
242	('EE', 'IT')	761	159876	139	642	147602
243	('EE', 'LV')	761	4481	10	24	4670
244	('EE', 'LT')	761	167	2	1	727
245	('EE', 'MD')	761	19	0	0	587
246	('EE', 'NL')	762	92759	166	653	84831
247	('EE', 'NO')	761	6395	25	33	6180
248	('EE', 'PL')	761	78119	48	409	76040
249	('EE', 'PT')	761	153568	57	356	149087
250	('EE', 'RO')	761	342	0	0	816
251	('EE', 'RU')	761	314353	37	103	297854
252	('EE', 'SM')	761	60	1	2	620
253	('EE', 'SI')	761	2232	1	1	2717
254	('EE', 'ES')	761	882468	953	4622	832469
255	('EE', 'SE')	762	38112	86	202	36596
256	('EE', 'TR')	761	1157269	1604	4653	1088938
257	('EE', 'GB')	761	2361705	4377	15134	2267850
258	('FI', 'FR')	19216	810849	267	885	797592
259	('FI', 'GE')	19216	11	0	0	18270
260	('DE', 'FI')	124818	19217	65	659	134092
261	('FI', 'GR')	19216	19497	6	30	36725
262	('FI', 'HU')	19216	2074	12	31	20145
263	('FI', 'IS')	19216	1760	15	59	19972
264	('FI', 'IE')	19218	117034	8901	18116	137640
265	('FI', 'IL')	19216	12324	0	0	30428
266	('FI', 'IT')	19217	159876	81	407	165254
267	('FI', 'LV')	19216	4482	10	64	22371
268	('FI', 'LT')	19216	167	22	36	18438
269	('FI', 'MD')	19216	19	6	15	18285
270	('FI', 'NL')	19218	92759	60	125	102435
271	('FI', 'NO')	19219	6395	10	63	23884
272	('FI', 'PL')	19216	78119	19	115	93705
273	('FI', 'PT')	19216	153568	117	804	166845
274	('FI', 'RO')	19216	342	6	15	18514
275	('FI', 'RU')	19217	314356	37	152	315352
276	('FI', 'SM')	19216	60	22	49	18335
277	('FI', 'SI')	19216	2232	1	0	20410
278	('ES', 'FI')	882470	19216	356	1440	849707
279	('FI', 'SE')	19219	38114	272	1531	54639
280	('FI', 'TR')	19216	1157269	502	1193	1105684
281	('FI', 'GB')	19222	2361793	10157	26177	2292324
282	('FR', 'GE')	810849	11	0	0	779084
283	('DE', 'FR')	124885	810999	1657	10485	898323
284	('FR', 'GR')	810851	19498	36	200	797629
285	('FR', 'HU')	810869	2076	207	763	781342
286	('FR', 'IS')	810848	1760	129	594	780894
287	('FR', 'IE')	810851	117366	200919	540315	1094414
288	('FR', 'IL')	810850	12324	24	300	791315
289	('FR', 'IT')	810935	160061	3326	16504	931334
290	('FR', 'LV')	810848	4481	221	962	783375
291	('FR', 'LT')	810848	167	267	924	779468
292	('FR', 'MD')	810848	19	532	1575	779557
293	('FR', 'NL')	810859	92765	1094	3802	864273
294	('FR', 'NO')	810851	6395	270	961	784921
295	('FR', 'PL')	810848	78124	420	1867	855003
296	('FR', 'PT')	810855	153578	3229	13922	931240
297	('FR', 'RO')	810852	342	533	1598	779837
298	('FR', 'RU')	810857	314363	148	994	1076497
299	('FR', 'SM')	810848	73	2590	11759	781808
300	('FR', 'SI')	810848	2232	68	283	781283
301	('ES', 'FR')	882513	810918	10340	46050	1621403
302	('FR', 'SE')	810850	38113	401	1563	815439
303	('FR', 'TR')	810871	1157327	3870	20415	1870707
304	('FR', 'GB')	810900	2364180	212167	610414	3268654
305	('DE', 'GE')	124818	11	0	0	115753
306	('GE', 'GR')	11	19497	0	0	18453
307	('GE', 'HU')	11	2074	0	0	1869
308	('GE', 'IS')	11	1760	0	0	1694
309	('GE', 'IE')	11	116996	13	12	110229
310	('GE', 'IL')	11	12324	0	0	12164
311	('GE', 'IT')	11	159877	0	0	146923
312	('GE', 'LV')	11	4481	0	0	4091
313	('GE', 'LT')	11	167	0	0	156
314	('GE', 'MD')	11	19	0	0	17
315	('GE', 'NL')	11	92759	0	0	84116
316	('GE', 'NO')	11	6395	0	0	5595
317	('GE', 'PL')	11	78119	0	0	75417
318	('GE', 'PT')	11	153568	0	0	148470
319	('GE', 'RO')	11	342	0	0	246
320	('GE', 'RU')	11	314349	7	54	296987
321	('GE', 'SM')	11	60	0	0	51
322	('GE', 'SI')	11	2232	0	0	2146
323	('ES', 'GE')	882468	11	0	0	831071
324	('GE', 'SE')	11	38112	0	0	35954
325	('GE', 'TR')	12	1157269	2	1	1086994
326	('GB', 'GE')	2361702	11	32	51	2263440
327	('DE', 'GR')	124819	19500	29	181	134296
328	('DE', 'HU')	124818	2074	45	135	117663
329	('DE', 'IS')	124817	1761	42	55	117478
330	('DE', 'IE')	124823	117461	84927	151333	313567
331	('DE', 'IL')	124818	12324	7	52	127951
332	('DE', 'IT')	124833	159883	347	2108	263287
333	('DE', 'LV')	124817	4481	45	194	119874
334	('DE', 'LT')	124817	167	90	635	115973
335	('DE', 'MD')	124817	19	21	86	115783
336	('DE', 'NL')	124934	92771	1298	4753	201920
337	('DE', 'NO')	124818	6395	187	618	121499
338	('DE', 'PL')	124856	78142	240	1656	191831
339	('DE', 'PT')	124818	153574	137	368	264510
340	('DE', 'RO')	124817	342	23	87	116015
341	('DE', 'RU')	124822	314386	278	2373	413735
342	('DE', 'SM')	124817	62	127	644	115977
343	('DE', 'SI')	124817	2232	11	79	117905
344	('DE', 'ES')	124832	882488	979	4409	948445
345	('DE', 'SE')	124818	38112	418	2297	152083
346	('DE', 'TR')	124831	1157396	3055	13905	1208579
347	('DE', 'GB')	125702	2365185	97709	210199	2493963
348	('GR', 'HU')	19497	2075	0	0	20315
349	('GR', 'IS')	19497	1760	0	0	20143
350	('GR', 'IE')	19497	117028	4306	11042	135854
351	('GR', 'IL')	19497	12324	0	0	30630
352	('GR', 'IT')	19502	159876	24	221	165440
353	('GR', 'LV')	19497	4481	2	5	22539
354	('GR', 'LT')	19497	167	4	5	18607
355	('GR', 'MD')	19497	19	8	14	18472
356	('GR', 'NL')	19497	92759	2	1	102579
357	('GR', 'NO')	19498	6395	3	9	24064
358	('GR', 'PL')	19497	78119	1	1	93874
359	('GR', 'PT')	19501	153569	11	85	166963
360	('GR', 'RO')	19497	342	8	14	18703
361	('GR', 'RU')	19497	314348	6	89	315454
362	('GR', 'SM')	19497	60	15	143	18512
363	('GR', 'SI')	19497	2232	1	4	20594
364	('ES', 'GR')	882489	19539	42	147	849793
365	('GR', 'SE')	19497	38112	3	5	54410
366	('GR', 'TR')	19534	1157324	49	403	1106210
367	('GB', 'GR')	2361836	19505	4682	13416	2290854
368	('HU', 'IS')	2074	1760	8	25	3569
369	('HU', 'IE')	2074	117011	1686	3068	114527
370	('HU', 'IL')	2074	12324	0	0	14030
371	('HU', 'IT')	2074	159876	44	163	148833
372	('HU', 'LV')	2074	4481	2	2	5955
373	('HU', 'LT')	2074	167	0	0	2018
374	('HU', 'MD')	2074	19	4	3	1882
375	('HU', 'NL')	2074	92760	63	305	86036
376	('HU', 'NO')	2074	6395	8	9	7462
377	('HU', 'PL')	2074	78119	40	141	77318
378	('HU', 'PT')	2074	153568	43	128	150384
379	('HU', 'RO')	2074	342	5	4	2112
380	('HU', 'RU')	2074	314352	11	43	298892
381	('HU', 'SM')	2074	60	4	47	1924
382	('HU', 'SI')	2074	2232	2	35	4011
383	('ES', 'HU')	882468	2077	383	1458	833292
384	('HU', 'SE')	2074	38112	39	107	37852
385	('HU', 'TR')	2074	1157278	736	2005	1089594
386	('GB', 'HU')	2361828	2078	2356	6113	2268987
387	('IE', 'IS')	116999	1760	753	1721	112593
388	('IL', 'IS')	12324	1760	0	0	13852
389	('IS', 'IT')	1760	159876	32	85	148636
390	('IS', 'LV')	1760	4481	2	5	5780
391	('IS', 'LT')	1760	167	1	2	1845
392	('IS', 'MD')	1760	19	1	0	1705
393	('IS', 'NL')	1760	92759	43	152	85846
394	('IS', 'NO')	1760	6395	24	57	7308
395	('IS', 'PL')	1760	78119	8	15	77112
396	('IS', 'PT')	1760	153568	19	125	150174
397	('IS', 'RO')	1760	342	1	0	1934
398	('IS', 'RU')	1760	314347	3	2	298670
399	('IS', 'SM')	1760	60	3	12	1740
400	('IS', 'SI')	1760	2232	5	25	3838
401	('ES', 'IS')	882468	1760	240	1029	832975
402	('IS', 'SE')	1761	38112	76	653	37720
403	('IS', 'TR')	1760	1157269	417	911	1089022
404	('GB', 'IS')	2361695	1766	1276	4367	2266251
405	('IE', 'IL')	116999	12324	1652	5651	124393
406	('IE', 'IT')	117220	159876	55128	117538	320693
407	('IE', 'LV')	116998	4481	1864	3845	116167
408	('IE', 'LT')	116997	167	214	422	110626
409	('IE', 'MD')	116994	19	127	342	110265
410	('IE', 'NL')	118130	92761	60546	109752	265164
411	('IE', 'NO')	117047	6395	5067	8042	121417
412	('IE', 'PL')	117150	78124	22646	57639	209444
413	('IE', 'PT')	117101	153569	54746	150339	320227
414	('IE', 'RO')	117005	342	662	1157	111578
415	('IE', 'RU')	117035	314350	32365	102517	441188
416	('IE', 'SM')	116994	60	284	699	110456
417	('IE', 'SI')	117002	2232	1020	2393	113505
418	('ES', 'IE')	882472	117342	140344	419202	1104352
419	('IE', 'SE')	117092	38112	18938	40114	166719
420	('IE', 'TR')	117081	1157272	71592	201746	1268949
421	('IL', 'IT')	12324	159876	2	37	159109
422	('IL', 'LV')	12324	4481	0	0	16249
423	('IL', 'LT')	12324	167	0	0	12314
424	('IL', 'MD')	12324	19	14	37	12188
425	('IL', 'NL')	12324	92759	2	5	96288
426	('IL', 'NO')	12324	6395	0	0	17753
427	('IL', 'PL')	12324	78119	2	2	87582
428	('IL', 'PT')	12324	153569	1	2	160632
429	('IL', 'RO')	12324	342	14	37	12417
430	('IL', 'RU')	12324	314348	26	223	309210
431	('IL', 'SM')	12324	60	1	32	12208
432	('IL', 'SI')	12324	2232	0	0	14304
433	('ES', 'IL')	882469	12324	28	230	843295
434	('IL', 'SE')	12324	38112	0	0	48114
435	('IL', 'TR')	12324	1157270	3	1	1099147
436	('GB', 'IL')	2361703	12325	1835	7304	2277840
437	('IT', 'LV')	159876	4481	52	150	151049
438	('IT', 'LT')	159877	167	75	187	147139
439	('IT', 'MD')	159876	19	149	718	147040
440	('IT', 'NL')	159880	92762	156	673	231240
441	('IT', 'NO')	159876	6395	44	89	152553
442	('IT', 'PL')	159880	78121	162	742	222514
443	('IT', 'PT')	159879	153576	2107	8478	297351
444	('IT', 'RO')	159880	344	163	746	147372
445	('IT', 'RU')	159878	314359	98	643	444147
446	('IT', 'SI')	159876	2233	39	159	149095
447	('ES', 'IT')	882537	159984	8229	30465	986769
448	('IT', 'SE')	159878	38114	130	484	182998
449	('IT', 'TR')	159882	1157313	2100	5977	1236084
450	('GB', 'IT')	2362758	159911	59901	146301	2484615
451	('LT', 'LV')	167	4481	54	180	4289
452	('LV', 'MD')	4481	19	2	18	4104
453	('LV', 'NL')	4481	92760	26	114	88223
454	('LV', 'NO')	4481	6395	1	0	9681
455	('LV', 'PL')	4481	78119	33	101	79530
456	('LV', 'PT')	4481	153568	33	82	152583
457	('LV', 'RO')	4481	342	2	18	4333
458	('LV', 'RU')	4482	314370	105	677	301973
459	('LV', 'SM')	4481	60	4	16	4136
460	('LV', 'SI')	4481	2232	1	4	6232
461	('ES', 'LV')	882468	4481	244	998	835375
462	('LV', 'SE')	4481	38112	23	53	40059
463	('LV', 'TR')	4481	1157272	650	2176	1091669
464	('GB', 'LV')	2361717	4481	2240	5600	2269741
465	('LT', 'MD')	167	19	0	0	167
466	('LT', 'NL')	167	92759	32	161	84292
467	('LT', 'NO')	167	6395	8	38	5751
468	('LT', 'PL')	167	78120	36	281	75601
469	('LT', 'PT')	167	153569	47	128	148658
470	('LT', 'RO')	167	342	1	1	397
471	('LT', 'RU')	167	314418	19	40	297677
472	('LT', 'SM')	167	60	0	0	204
473	('LT', 'SI')	167	2232	5	36	2300
474	('ES', 'LT')	882468	167	603	2054	831738
475	('LT', 'SE')	167	38112	23	218	36124
476	('LT', 'TR')	167	1157272	438	1400	1087540
477	('GB', 'LT')	2361703	167	972	3694	2264506
478	('MD', 'NL')	19	92759	38	100	84153
479	('MD', 'NO')	19	6395	2	0	5608
480	('MD', 'PL')	19	78119	9	65	75438
481	('MD', 'PT')	19	153568	27	132	148500
482	('MD', 'RU')	19	314348	41	146	297074
483	('MD', 'SM')	19	60	0	0	60
484	('MD', 'SI')	19	2232	0	0	2157
485	('ES', 'MD')	882468	19	401	1225	831432
486	('MD', 'SE')	19	38112	12	67	35974
487	('MD', 'TR')	19	1157269	1505	5418	1088253
488	('GB', 'MD')	2361692	19	914	2714	2264102
489	('NL', 'NO')	92760	6397	202	617	89871
490	('NL', 'PL')	92769	78173	83	344	160242
491	('NL', 'PT')	92760	153568	134	417	232771
492	('NL', 'RO')	92759	342	38	100	84384
493	('NL', 'RU')	92759	314358	29	151	381324
494	('NL', 'SM')	92759	60	93	408	84260
495	('NL', 'SI')	92760	2232	16	22	86268
496	('ES', 'NL')	882479	92763	749	3118	916059
497	('NL', 'SE')	92760	38114	184	562	120224
498	('NL', 'TR')	92759	1157294	1547	4845	1173277
499	('GB', 'NL')	2365302	92852	69130	168515	2439585
500	('NO', 'PL')	6395	78119	22	157	81063
501	('NO', 'PT')	6395	153568	36	126	154101
502	('NO', 'RO')	6395	342	2	0	5837
503	('NO', 'RU')	6397	314349	32	56	302623
504	('NO', 'SM')	6395	60	9	27	5647
505	('NO', 'SI')	6396	2232	1	3	7736
506	('ES', 'NO')	882468	6396	452	1552	837100
507	('NO', 'SE')	6397	38120	877	3484	42425
508	('NO', 'TR')	6395	1157275	492	1654	1093044
509	('GB', 'NO')	2361832	6395	7243	22342	2277261
510	('PL', 'PT')	78120	153569	112	405	224001
511	('PL', 'RO')	78119	342	9	65	75668
512	('PL', 'RU')	78123	314406	77	491	373174
513	('PL', 'SM')	78119	61	53	320	75518
514	('PL', 'SI')	78119	2232	35	244	77590
515	('ES', 'PL')	882469	78124	721	3744	907254
516	('PL', 'SE')	78119	38113	75	393	111466
517	('PL', 'TR')	78119	1157278	416	1020	1163017
518	('GB', 'PL')	2362234	78314	25950	73939	2369368
519	('PT', 'RO')	153569	342	28	134	148734
520	('PT', 'RU')	153569	314350	38	129	445546
521	('PT', 'SM')	153568	60	841	3492	149286
522	('PT', 'SI')	153568	2232	12	45	150621
523	('ES', 'PT')	882566	153614	30272	122075	1010388
524	('PT', 'SE')	153568	38112	95	633	184526
525	('PT', 'TR')	153571	1157284	1492	4161	1236921
526	('GB', 'PT')	2362154	153585	58549	168921	2480710
527	('RO', 'RU')	342	314348	34	89	297264
528	('RO', 'SM')	342	62	14	24	326
529	('RO', 'SI')	342	2232	0	0	2386
530	('ES', 'RO')	882468	342	407	1282	831691
531	('RO', 'SE')	342	38112	12	67	36205
532	('RO', 'TR')	342	1157271	1506	5427	1088538
533	('GB', 'RO')	2361797	344	1458	3716	2265871
534	('RU', 'SM')	314347	62	88	463	297111
535	('RU', 'SI')	314347	2232	25	45	299138
536	('ES', 'RU')	882474	314357	219	1395	1128592
537	('RU', 'SE')	314789	38112	27	124	336289
538	('RU', 'TR')	314353	1157277	403	1654	1384807
539	('GB', 'RU')	2361869	314402	33193	107385	2596165
540	('SI', 'SM')	2232	60	10	80	2197
541	('ES', 'SM')	882468	70	3665	14133	834654
542	('SE', 'SM')	38112	60	74	173	36062
543	('SM', 'TR')	61	1157269	2019	5494	1088821
544	('GB', 'SM')	2361692	62	4900	19585	2267968
545	('ES', 'SI')	882468	2232	121	410	833314
546	('SE', 'SI')	38112	2232	7	24	38103
547	('SI', 'TR')	2232	1157269	275	629	1089352
548	('GB', 'SI')	2361738	2232	1204	3474	2266986
549	('ES', 'SE')	882475	38113	397	1767	867512
550	('ES', 'TR')	882525	1157298	3302	9731	1921576
551	('ES', 'GB')	882535	2363210	151753	480612	3279231
552	('SE', 'TR')	38112	1157280	715	2181	1123742
553	('GB', 'SE')	2361967	38122	22110	63839	2323921
554	('GB', 'TR')	2362171	1157328	73822	213499	3428535
